size,threads,real_time,user_time,system_time,total_cpu_time,total_operations,gops,elements_per_second_millions,memory_used_mb,algorithm,pi_est
400000,2,0.003072697,0.005249000,0.000240000,0.005489000,400000,0.130179,130.178797,2,openmp_needles,3.141443493
600000,2,0.004865992,0.009174000,0.000345000,0.009519000,600000,0.123305,123.304765,2,openmp_needles,3.141575081
900000,2,0.010337461,0.016113000,0.000266000,0.016379000,900000,0.087062,87.061997,2,openmp_needles,3.141668296
1350000,2,0.013727444,0.026932000,0.000000000,0.026932000,1350000,0.098343,98.343144,2,openmp_needles,3.141719475
2025000,2,0.019281838,0.037475000,0.000383000,0.037858000,2025000,0.105021,105.021108,2,openmp_needles,3.141604933
3037500,2,0.031311626,0.061378000,0.000000000,0.061378000,3037500,0.097009,97.008696,2,openmp_needles,3.141655298
4556250,2,0.038617888,0.075579000,0.001002000,0.076581000,4556250,0.117983,117.982889,2,openmp_needles,3.141593561
6834375,2,0.056447410,0.112752000,0.000000000,0.112752000,6834375,0.121075,121.075086,2,openmp_needles,3.141575510
10251562,2,0.080507365,0.160436000,0.000000000,0.160436000,10251562,0.127337,127.336946,2,openmp_needles,3.141590279
15377343,2,0.116484237,0.232012000,0.000000000,0.232012000,15377343,0.132012,132.012222,2,openmp_needles,3.141563964
23066015,2,0.174203834,0.347435000,0.000415000,0.347850000,23066015,0.132408,132.408194,2,openmp_needles,3.141586496
34599022,2,0.258534636,0.516545000,0.000300000,0.516845000,34599022,0.133827,133.827415,2,openmp_needles,3.141593725
51898533,2,0.380567133,0.760283000,0.000359000,0.760642000,51898533,0.136372,136.371558,2,openmp_needles,3.141575944
77847800,2,0.574231329,1.142140000,0.000000000,1.142140000,77847800,0.135569,135.568709,2,openmp_needles,3.141579007
116771700,2,0.846330745,1.688933000,0.000461000,1.689394000,116771700,0.137974,137.974073,2,openmp_needles,3.141579852
175157550,2,1.263172254,2.508465000,0.000000000,2.508465000,175157550,0.138665,138.664817,2,openmp_needles,3.141583683
262736325,2,1.875817805,3.723335000,0.000397000,3.723732000,262736325,0.140065,140.064949,2,openmp_needles,3.141582688
394104487,2,2.791863748,5.554241000,0.000351000,5.554592000,394104487,0.141162,141.161791,2,openmp_needles,3.141581870
591156730,2,4.230388696,8.357978000,0.000000000,8.357978000,591156730,0.139741,139.740523,2,openmp_needles,3.141582460
886735095,2,6.329958058,12.513995000,0.000376000,12.514371000,886735095,0.140085,140.085461,2,openmp_needles,3.141582928
1330102642,2,9.348780913,18.490239000,0.000399000,18.490638000,1330102642,0.142276,142.275517,2,openmp_needles,3.141582826
400000,2,0.003184375,0.005200000,0.000978000,0.006178000,400000,0.125613,125.613346,2,openmp_needles,3.141246132
600000,2,0.006006702,0.011240000,0.000000000,0.011240000,600000,0.099888,99.888425,2,openmp_needles,3.141542183
900000,2,0.006938150,0.011850000,0.001039000,0.012889000,900000,0.129718,129.717576,2,openmp_needles,3.141701196
1350000,2,0.014138462,0.024908000,0.000244000,0.025152000,1350000,0.095484,95.484219,2,openmp_needles,3.141639051
2025000,2,0.019603928,0.036099000,0.000000000,0.036099000,2025000,0.103296,103.295625,2,openmp_needles,3.141619555
3037500,2,0.025828839,0.050992000,0.000000000,0.050992000,3037500,0.117601,117.601105,2,openmp_needles,3.141632553
4556250,2,0.038308399,0.075350000,0.000289000,0.075639000,4556250,0.118936,118.936059,2,openmp_needles,3.141589229
6834375,2,0.053110876,0.105057000,0.000996000,0.106053000,6834375,0.128681,128.681270,2,openmp_needles,3.141585618
10251562,2,0.079189565,0.157611000,0.000356000,0.157967000,10251562,0.129456,129.455971,2,openmp_needles,3.141582577
15377343,2,0.114633678,0.228826000,0.000361000,0.229187000,15377343,0.134143,134.143327,2,openmp_needles,3.141565248
23066015,2,0.167529270,0.334284000,0.000000000,0.334284000,23066015,0.137683,137.683493,2,openmp_needles,3.141585212
34599022,2,0.249090364,0.497149000,0.000000000,0.497149000,34599022,0.138901,138.901487,2,openmp_needles,3.141591157
51898533,2,0.370646703,0.740279000,0.000000000,0.740279000,51898533,0.140022,140.021569,2,openmp_needles,3.141577845
77847800,2,0.553167893,1.100794000,0.000473000,1.101267000,77847800,0.140731,140.730872,2,openmp_needles,3.141578753
116771700,2,0.828915898,1.650844000,0.000000000,1.650844000,116771700,0.140873,140.872796,2,openmp_needles,3.141579936
175157550,2,1.244620791,2.471040000,0.000999000,2.472039000,175157550,0.140732,140.731660,2,openmp_needles,3.141584022
262736325,2,1.876331064,3.718334000,0.000000000,3.718334000,262736325,0.140027,140.026635,2,openmp_needles,3.141582650
394104487,2,2.786860236,5.521891000,0.000291000,5.522182000,394104487,0.141415,141.415232,2,openmp_needles,3.141581795
591156730,2,4.120711627,8.237157000,0.000000000,8.237157000,591156730,0.143460,143.459864,2,openmp_needles,3.141582443
886735095,2,6.207602856,12.291369000,0.000400000,12.291769000,886735095,0.142847,142.846621,2,openmp_needles,3.141582928
1330102642,2,9.417325327,18.607430000,0.001448000,18.608878000,1330102642,0.141240,141.239959,2,openmp_needles,3.141582908
400000,2,0.002970905,0.005421000,0.000295000,0.005716000,400000,0.134639,134.639108,2,openmp_needles,3.141246132
600000,2,0.005954953,0.011106000,0.000000000,0.011106000,600000,0.100756,100.756463,2,openmp_needles,3.141525734
900000,2,0.006262371,0.011895000,0.000266000,0.012161000,900000,0.143716,143.715535,2,openmp_needles,3.141701196
1350000,2,0.015772655,0.025430000,0.000299000,0.025729000,1350000,0.085591,85.591170,2,openmp_needles,3.141646362
2025000,2,0.023774660,0.041482000,0.000255000,0.041737000,2025000,0.085175,85.174720,2,openmp_needles,3.141619555
3037500,2,0.027774325,0.054951000,0.000000000,0.054951000,3037500,0.109364,109.363594,2,openmp_needles,3.141632553
4556250,2,0.036347791,0.071398000,0.000274000,0.071672000,4556250,0.125351,125.351497,2,openmp_needles,3.141595727
6834375,2,0.053467965,0.106454000,0.000000000,0.106454000,6834375,0.127822,127.821865,2,openmp_needles,3.141591395
10251562,2,0.079279958,0.157328000,0.000437000,0.157765000,10251562,0.129308,129.308368,2,openmp_needles,3.141580652
15377343,2,0.115853794,0.231033000,0.000000000,0.231033000,15377343,0.132731,132.730595,2,openmp_needles,3.141565248
23066015,2,0.168785051,0.336846000,0.000000000,0.336846000,23066015,0.136659,136.659111,2,openmp_needles,3.141586068
34599022,2,0.248892531,0.497015000,0.000359000,0.497374000,34599022,0.139012,139.011893,2,openmp_needles,3.141591157
51898533,2,0.373896023,0.747041000,0.000375000,0.747416000,51898533,0.138805,138.804721,2,openmp_needles,3.141576895
77847800,2,0.559359806,1.118606000,0.000000000,1.118606000,77847800,0.139173,139.173032,2,openmp_needles,3.141579007
116771700,2,0.829842603,1.653768000,0.000000000,1.653768000,116771700,0.140715,140.715480,2,openmp_needles,3.141579936
175157550,2,1.272988640,2.529494000,0.001000000,2.530494000,175157550,0.137596,137.595533,2,openmp_needles,3.141584134
262736325,2,1.883369000,3.740425000,0.000335000,3.740760000,262736325,0.139503,139.503371,2,openmp_needles,3.141582876
394104487,2,2.785080761,5.541264000,0.000125000,5.541389000,394104487,0.141506,141.505587,2,openmp_needles,3.141581795
591156730,2,4.170766938,8.306166000,0.000000000,8.306166000,591156730,0.141738,141.738136,2,openmp_needles,3.141582393
886735095,2,6.209272624,12.412184000,0.000000000,12.412184000,886735095,0.142808,142.808208,2,openmp_needles,3.141582916
1330102642,2,9.403263674,18.675559000,0.000390000,18.675949000,1330102642,0.141451,141.451169,2,openmp_needles,3.141582900
400000,2,0.002886556,0.005703000,0.000000000,0.005703000,400000,0.138573,138.573442,2,openmp_needles,3.141246132
600000,2,0.006041805,0.011029000,0.000977000,0.012006000,600000,0.099308,99.308071,2,openmp_needles,3.141525734
900000,2,0.006122597,0.011117000,0.000975000,0.012092000,900000,0.146996,146.996446,2,openmp_needles,3.141690229
1350000,2,0.009476910,0.018503000,0.000000000,0.018503000,1350000,0.142451,142.451495,2,openmp_needles,3.141631740
2025000,2,0.022305319,0.039046000,0.000351000,0.039397000,2025000,0.090786,90.785521,2,openmp_needles,3.141595186
3037500,2,0.026386756,0.052173000,0.000000000,0.052173000,3037500,0.115115,115.114567,2,openmp_needles,3.141632553
4556250,2,0.035613567,0.070963000,0.000000000,0.070963000,4556250,0.127936,127.935795,2,openmp_needles,3.141578398
6834375,2,0.053198479,0.105709000,0.000340000,0.106049000,6834375,0.128469,128.469368,2,openmp_needles,3.141592839
10251562,2,0.076579035,0.152600000,0.000295000,0.152895000,10251562,0.133869,133.869041,2,openmp_needles,3.141581614
15377343,2,0.115336390,0.229696000,0.000310000,0.230006000,15377343,0.133326,133.326030,2,openmp_needles,3.141565248
23066015,2,0.167578254,0.334557000,0.000000000,0.334557000,23066015,0.137643,137.643247,2,openmp_needles,3.141585212
34599022,2,0.250130805,0.498278000,0.000000000,0.498278000,34599022,0.138324,138.323714,2,openmp_needles,3.141592869
51898533,2,0.373401309,0.742819000,0.000000000,0.742819000,51898533,0.138989,138.988621,2,openmp_needles,3.141575754
77847800,2,0.553800897,1.098719000,0.000358000,1.099077000,77847800,0.140570,140.570014,2,openmp_needles,3.141579007
116771700,2,0.828072016,1.643588000,0.000321000,1.643909000,116771700,0.141016,141.016358,2,openmp_needles,3.141579936
175157550,2,1.236408549,2.451195000,0.000279000,2.451474000,175157550,0.141666,141.666402,2,openmp_needles,3.141583627
262736325,2,1.847708436,3.672846000,0.000338000,3.673184000,262736325,0.142196,142.195771,2,openmp_needles,3.141582575
394104487,2,2.774451103,5.520214000,0.000177000,5.520391000,394104487,0.142048,142.047732,2,openmp_needles,3.141581745
591156730,2,4.186665957,8.317384000,0.000361000,8.317745000,591156730,0.141200,141.199880,2,openmp_needles,3.141582460
886735095,2,6.282021531,12.469358000,0.001322000,12.470680000,886735095,0.141154,141.154418,2,openmp_needles,3.141582961
1330102642,2,9.322296767,18.561033000,0.000000000,18.561033000,1330102642,0.142680,142.679715,2,openmp_needles,3.141582930
400000,2,0.003024354,0.005292000,0.000175000,0.005467000,400000,0.132260,132.259649,2,openmp_needles,3.141344810
600000,2,0.004045119,0.007476000,0.000439000,0.007915000,600000,0.148327,148.326910,2,openmp_needles,3.141492837
900000,2,0.006342438,0.011818000,0.000000000,0.011818000,900000,0.141901,141.901269,2,openmp_needles,3.141701196
1350000,2,0.013660968,0.024405000,0.000323000,0.024728000,1350000,0.098822,98.821694,2,openmp_needles,3.141631740
2025000,2,0.021117015,0.039443000,0.001904000,0.041347000,2025000,0.095894,95.894235,2,openmp_needles,3.141614681
3037500,2,0.036552511,0.066566000,0.000245000,0.066811000,3037500,0.083100,83.099626,2,openmp_needles,3.141619555
4556250,2,0.041390998,0.081471000,0.000345000,0.081816000,4556250,0.110078,110.078283,2,openmp_needles,3.141589229
6834375,2,0.056587406,0.112509000,0.000000000,0.112509000,6834375,0.120776,120.775549,2,openmp_needles,3.141594283
10251562,2,0.077329378,0.153325000,0.000454000,0.153779000,10251562,0.132570,132.570082,2,openmp_needles,3.141581614
15377343,2,0.114314101,0.227291000,0.000995000,0.228286000,15377343,0.134518,134.518339,2,openmp_needles,3.141563322
23066015,2,0.169102562,0.337291000,0.000393000,0.337684000,23066015,0.136403,136.402516,2,openmp_needles,3.141583073
34599022,2,0.250638530,0.500663000,0.000452000,0.501115000,34599022,0.138044,138.043508,2,openmp_needles,3.141591443
51898533,2,0.376289308,0.751502000,0.000335000,0.751837000,51898533,0.137922,137.921891,2,openmp_needles,3.141578416
77847800,2,0.554644795,1.106167000,0.000463000,1.106630000,77847800,0.140356,140.356135,2,openmp_needles,3.141579260
116771700,2,0.831319174,1.651672000,0.001000000,1.652672000,116771700,0.140466,140.465544,2,openmp_needles,3.141579683
175157550,2,1.237437238,2.470857000,0.000000000,2.470857000,175157550,0.141549,141.548633,2,openmp_needles,3.141583514
262736325,2,1.848781626,3.690591000,0.000000000,3.690591000,262736325,0.142113,142.113228,2,openmp_needles,3.141582613
394104487,2,2.764717081,5.488098000,0.000463000,5.488561000,394104487,0.142548,142.547854,2,openmp_needles,3.141581845
591156730,2,4.176272220,8.257799000,0.000353000,8.258152000,591156730,0.141551,141.551292,2,openmp_needles,3.141582460
886735095,2,6.178702095,12.285590000,0.000386000,12.285976000,886735095,0.143515,143.514784,2,openmp_needles,3.141582905
1330102642,2,9.237166918,18.355878000,0.000413000,18.356291000,1330102642,0.143995,143.994653,2,openmp_needles,3.141582908
400000,2,0.002839717,0.005328000,0.000166000,0.005494000,400000,0.140859,140.859107,2,openmp_needles,3.141344810
600000,2,0.006046983,0.011283000,0.000000000,0.011283000,600000,0.099223,99.223034,2,openmp_needles,3.141525734
900000,2,0.006813430,0.012662000,0.000000000,0.012662000,900000,0.132092,132.092059,2,openmp_needles,3.141690229
1350000,2,0.014992403,0.023746000,0.001020000,0.024766000,1350000,0.090046,90.045605,2,openmp_needles,3.141624429
2025000,2,0.019091843,0.036717000,0.000287000,0.037004000,2025000,0.106066,106.066240,2,openmp_needles,3.141614681
3037500,2,0.028490943,0.054919000,0.000241000,0.055160000,3037500,0.106613,106.612828,2,openmp_needles,3.141622805
4556250,2,0.037298735,0.073692000,0.000375000,0.074067000,4556250,0.122156,122.155617,2,openmp_needles,3.141604392
6834375,2,0.053452837,0.105622000,0.000332000,0.105954000,6834375,0.127858,127.858041,2,openmp_needles,3.141588507
10251562,2,0.076956705,0.151909000,0.001002000,0.152911000,10251562,0.133212,133.212070,2,openmp_needles,3.141581614
15377343,2,0.115245347,0.229523000,0.000430000,0.229953000,15377343,0.133431,133.431357,2,openmp_needles,3.141560755
23066015,2,0.170450000,0.339487000,0.000447000,0.339934000,23066015,0.135324,135.324230,2,openmp_needles,3.141583929
34599022,2,0.252868930,0.500408000,0.000340000,0.500748000,34599022,0.136826,136.825912,2,openmp_needles,3.141591157
51898533,2,0.378607700,0.744781000,0.000467000,0.745248000,51898533,0.137077,137.077331,2,openmp_needles,3.141577845
77847800,2,0.560617471,1.105169000,0.000354000,1.105523000,77847800,0.138861,138.860817,2,openmp_needles,3.141578880
116771700,2,0.836160490,1.650293000,0.000389000,1.650682000,116771700,0.139652,139.652257,2,openmp_needles,3.141579429
175157550,2,1.224783867,2.428261000,0.000406000,2.428667000,175157550,0.143011,143.010987,2,openmp_needles,3.141583683
262736325,2,1.826871094,3.621076000,0.000000000,3.621076000,262736325,0.143818,143.817660,2,openmp_needles,3.141582575
394104487,2,2.753326976,5.446395000,0.000277000,5.446672000,394104487,0.143138,143.137553,2,openmp_needles,3.141581845
591156730,2,4.114067270,8.109739000,0.000000000,8.109739000,591156730,0.143692,143.691557,2,openmp_needles,3.141582343
886735095,2,6.187722823,12.269068000,0.000291000,12.269359000,886735095,0.143306,143.305562,2,openmp_needles,3.141582972
1330102642,2,9.327824618,18.472367000,0.000999000,18.473366000,1330102642,0.142595,142.595160,2,openmp_needles,3.141582975
400000,2,0.002914156,0.005534000,0.000175000,0.005709000,400000,0.137261,137.261011,2,openmp_needles,3.141320140
600000,2,0.010765061,0.014209000,0.000000000,0.014209000,600000,0.055736,55.735866,2,openmp_needles,3.141377704
900000,2,0.006294557,0.011323000,0.000373000,0.011696000,900000,0.142981,142.980674,2,openmp_needles,3.141756032
1350000,2,0.012241651,0.023242000,0.000281000,0.023523000,1350000,0.110279,110.279243,2,openmp_needles,3.141704852
2025000,2,0.017513299,0.034100000,0.000000000,0.034100000,2025000,0.115626,115.626416,2,openmp_needles,3.141546448
3037500,2,0.032148218,0.060774000,0.000285000,0.061059000,3037500,0.094484,94.484242,2,openmp_needles,3.141567567
4556250,2,0.035701083,0.070503000,0.000000000,0.070503000,4556250,0.127622,127.622179,2,openmp_needles,3.141608724
6834375,2,0.052297481,0.104311000,0.000000000,0.104311000,6834375,0.130683,130.682680,2,openmp_needles,3.141600060
10251562,2,0.077915661,0.155158000,0.000445000,0.155603000,10251562,0.131573,131.572547,2,openmp_needles,3.141594130
15377343,2,0.114367101,0.228059000,0.000000000,0.228059000,15377343,0.134456,134.456001,2,openmp_needles,3.141574233
23066015,2,0.166234585,0.330224000,0.001992000,0.332216000,23066015,0.138756,138.755813,2,openmp_needles,3.141589919
34599022,2,0.245612888,0.489773000,0.000441000,0.490214000,34599022,0.140868,140.868105,2,openmp_needles,3.141592869
51898533,2,0.366626565,0.732196000,0.000346000,0.732542000,51898533,0.141557,141.556935,2,openmp_needles,3.141575944
77847800,2,0.549924172,1.094001000,0.000000000,1.094001000,77847800,0.141561,141.560971,2,openmp_needles,3.141579514
116771700,2,0.815185560,1.618034000,0.000245000,1.618279000,116771700,0.143246,143.245545,2,openmp_needles,3.141581880
175157550,2,1.218025848,2.428966000,0.000000000,2.428966000,175157550,0.143804,143.804461,2,openmp_needles,3.141583683
262736325,2,1.822562812,3.633326000,0.000000000,3.633326000,262736325,0.144158,144.157624,2,openmp_needles,3.141581786
394104487,2,2.781040593,5.493120000,0.000999000,5.494119000,394104487,0.141711,141.711159,2,openmp_needles,3.141581995
591156730,2,4.194134079,8.268371000,0.001378000,8.269749000,591156730,0.140948,140.948458,2,openmp_needles,3.141582477
886735095,2,6.260664634,12.429761000,0.000287000,12.430048000,886735095,0.141636,141.635936,2,openmp_needles,3.141583017
1330102642,2,9.343015796,18.607454000,0.000289000,18.607743000,1330102642,0.142363,142.363309,2,openmp_needles,3.141582967
400000,2,0.002923042,0.005689000,0.000000000,0.005689000,400000,0.136844,136.843740,2,openmp_needles,3.141320140
600000,2,0.011595768,0.014891000,0.000000000,0.014891000,600000,0.051743,51.743015,2,openmp_needles,3.141476389
900000,2,0.007759993,0.014950000,0.000379000,0.015329000,900000,0.115979,115.979486,2,openmp_needles,3.141767000
1350000,2,0.010289888,0.019607000,0.000000000,0.019607000,1350000,0.131197,131.196763,2,openmp_needles,3.141682918
2025000,2,0.018359162,0.035000000,0.000324000,0.035324000,2025000,0.110299,110.299152,2,openmp_needles,3.141536700
3037500,2,0.027466032,0.053229000,0.000000000,0.053229000,3037500,0.110591,110.591148,2,openmp_needles,3.141570816
4556250,2,0.037445999,0.074765000,0.000000000,0.074765000,4556250,0.121675,121.675216,2,openmp_needles,3.141613057
6834375,2,0.053345479,0.105809000,0.000369000,0.106178000,6834375,0.128115,128.115355,2,openmp_needles,3.141601504
10251562,2,0.077343986,0.154418000,0.000000000,0.154418000,10251562,0.132545,132.545044,2,openmp_needles,3.141588353
15377343,2,0.112414601,0.223420000,0.000435000,0.223855000,15377343,0.136791,136.791332,2,openmp_needles,3.141576159
23066015,2,0.167097636,0.333105000,0.000995000,0.334100000,23066015,0.138039,138.039146,2,openmp_needles,3.141590775
34599022,2,0.246500475,0.492219000,0.000000000,0.492219000,34599022,0.140361,140.360874,2,openmp_needles,3.141591728
51898533,2,0.368920970,0.737271000,0.000000000,0.737271000,51898533,0.140677,140.676560,2,openmp_needles,3.141576895
77847800,2,0.547599434,1.092742000,0.000443000,1.093185000,77847800,0.142162,142.161944,2,openmp_needles,3.141579514
116771700,2,0.817891095,1.634807000,0.000337000,1.635144000,116771700,0.142772,142.771697,2,openmp_needles,3.141581711
175157550,2,1.236889905,2.463119000,0.000000000,2.463119000,175157550,0.141611,141.611270,2,openmp_needles,3.141583796
262736325,2,1.856014151,3.690055000,0.000000000,3.690055000,262736325,0.141559,141.559441,2,openmp_needles,3.141581786
394104487,2,2.799307045,5.549907000,0.000293000,5.550200000,394104487,0.140786,140.786445,2,openmp_needles,3.141581970
591156730,2,4.202187118,8.350780000,0.000274000,8.351054000,591156730,0.140678,140.678345,2,openmp_needles,3.141582377
886735095,2,6.224047549,12.352701000,0.000000000,12.352701000,886735095,0.142469,142.469203,2,openmp_needles,3.141583017
1330102642,2,9.404142290,18.675670000,0.000373000,18.676043000,1330102642,0.141438,141.437954,2,openmp_needles,3.141583041
400000,2,0.003119741,0.006052000,0.000000000,0.006052000,400000,0.128216,128.215772,2,openmp_needles,3.141270801
600000,2,0.006848713,0.012640000,0.000000000,0.012640000,600000,0.087608,87.607701,2,openmp_needles,3.141394151
900000,2,0.006170551,0.011262000,0.000281000,0.011543000,900000,0.145854,145.854074,2,openmp_needles,3.141799902
1350000,2,0.011058498,0.021100000,0.000434000,0.021534000,1350000,0.122078,122.078062,2,openmp_needles,3.141660985
2025000,2,0.017936136,0.034225000,0.000000000,0.034225000,2025000,0.112901,112.900571,2,openmp_needles,3.141561069
3037500,2,0.027694276,0.054456000,0.000000000,0.054456000,3037500,0.109680,109.679704,2,openmp_needles,3.141574066
4556250,2,0.037464057,0.073547000,0.000424000,0.073971000,4556250,0.121617,121.616567,2,openmp_needles,3.141613057
6834375,2,0.055528734,0.110532000,0.000000000,0.110532000,6834375,0.123078,123.078171,2,openmp_needles,3.141600060
10251562,2,0.078349741,0.155463000,0.000407000,0.155870000,10251562,0.130844,130.843598,2,openmp_needles,3.141597018
15377343,2,0.117734630,0.234821000,0.000000000,0.234821000,15377343,0.130610,130.610195,2,openmp_needles,3.141575517
23066015,2,0.169980057,0.338985000,0.000321000,0.339306000,23066015,0.135698,135.698360,2,openmp_needles,3.141588635
34599022,2,0.252626516,0.504627000,0.000342000,0.504969000,34599022,0.136957,136.957207,2,openmp_needles,3.141591443
51898533,2,0.379836725,0.755679000,0.000367000,0.756046000,51898533,0.136634,136.633794,2,openmp_needles,3.141577465
77847800,2,0.557467709,1.111714000,0.000456000,1.112170000,77847800,0.139645,139.645398,2,openmp_needles,3.141579387
116771700,2,0.840522052,1.672489000,0.000000000,1.672489000,116771700,0.138928,138.927586,2,openmp_needles,3.141581711
175157550,2,1.252918939,2.489256000,0.001456000,2.490712000,175157550,0.139800,139.799587,2,openmp_needles,3.141583796
262736325,2,1.853675608,3.695587000,0.000000000,3.695587000,262736325,0.141738,141.738028,2,openmp_needles,3.141581674
394104487,2,2.775980343,5.516861000,0.000022000,5.516883000,394104487,0.141969,141.969480,2,openmp_needles,3.141581845
591156730,2,4.163613120,8.292982000,0.000342000,8.293324000,591156730,0.141982,141.981667,2,openmp_needles,3.141582360
886735095,2,6.280591381,12.485130000,0.000309000,12.485439000,886735095,0.141187,141.186561,2,openmp_needles,3.141583006
1330102642,2,9.369595381,18.583934000,0.000266000,18.584200000,1330102642,0.141959,141.959454,2,openmp_needles,3.141582989
400000,2,0.003137964,0.005286000,0.000260000,0.005546000,400000,0.127471,127.471188,2,openmp_needles,3.141270801
600000,2,0.007507117,0.012659000,0.000406000,0.013065000,600000,0.079924,79.924157,2,openmp_needles,3.141394151
900000,2,0.006466987,0.012521000,0.000000000,0.012521000,900000,0.139168,139.168364,2,openmp_needles,3.141767000
1350000,2,0.013978703,0.023588000,0.000000000,0.023588000,1350000,0.096575,96.575483,2,openmp_needles,3.141682918
2025000,2,0.021027551,0.038066000,0.000258000,0.038324000,2025000,0.096302,96.302227,2,openmp_needles,3.141556195
3037500,2,0.025089638,0.049621000,0.000267000,0.049888000,3037500,0.121066,121.065916,2,openmp_needles,3.141577315
4556250,2,0.037918624,0.075259000,0.000370000,0.075629000,4556250,0.120159,120.158632,2,openmp_needles,3.141613057
6834375,2,0.053629334,0.106092000,0.000349000,0.106441000,6834375,0.127437,127.437253,2,openmp_needles,3.141602948
10251562,2,0.077837750,0.154971000,0.000000000,0.154971000,10251562,0.131704,131.704244,2,openmp_needles,3.141597981
15377343,2,0.115309236,0.230464000,0.000000000,0.230464000,15377343,0.133357,133.357427,2,openmp_needles,3.141574875
23066015,2,0.168190868,0.335521000,0.000304000,0.335825000,23066015,0.137142,137.141899,2,openmp_needles,3.141591203
34599022,2,0.253223649,0.505105000,0.000428000,0.505533000,34599022,0.136634,136.634245,2,openmp_needles,3.141593154
51898533,2,0.381801345,0.754323000,0.000000000,0.754323000,51898533,0.135931,135.930723,2,openmp_needles,3.141577085
77847800,2,0.569095013,1.131765000,0.000000000,1.131765000,77847800,0.136792,136.792272,2,openmp_needles,3.141579767
116771700,2,0.822551735,1.640284000,0.000000000,1.640284000,116771700,0.141963,141.962742,2,openmp_needles,3.141581204
175157550,2,1.247394361,2.462085000,0.000000000,2.462085000,175157550,0.140419,140.418744,2,openmp_needles,3.141583627
262736325,2,1.843074717,3.663400000,0.000000000,3.663400000,262736325,0.142553,142.553269,2,openmp_needles,3.141581674
394104487,2,2.750681954,5.455335000,0.001203000,5.456538000,394104487,0.143275,143.275193,2,openmp_needles,3.141581920
591156730,2,4.115836762,8.205478000,0.000378000,8.205856000,591156730,0.143630,143.629780,2,openmp_needles,3.141582377
886735095,2,6.296240839,12.423775000,0.000390000,12.424165000,886735095,0.140836,140.835638,2,openmp_needles,3.141583017
1330102642,2,9.294916071,18.379342000,0.001289000,18.380631000,1330102642,0.143100,143.100016,2,openmp_needles,3.141582952
400000,4,0.001642730,0.005166000,0.000000000,0.005166000,400000,0.243497,243.497105,2,openmp_needles,3.141961684
600000,4,0.003167009,0.011439000,0.000405000,0.011844000,600000,0.189453,189.453203,2,openmp_needles,3.141871194
900000,4,0.009367495,0.025999000,0.000204000,0.026203000,900000,0.096077,96.076913,2,openmp_needles,3.141569598
1350000,4,0.013111895,0.027613000,0.000000000,0.027613000,1350000,0.102960,102.959946,2,openmp_needles,3.141397806
2025000,4,0.010251602,0.038483000,0.000000000,0.038483000,2025000,0.197530,197.530103,2,openmp_needles,3.141634177
3037500,4,0.016032081,0.061492000,0.000000000,0.061492000,3037500,0.189464,189.463863,2,openmp_needles,3.141622805
4556250,4,0.024550333,0.093088000,0.000248000,0.093336000,4556250,0.185588,185.588114,2,openmp_needles,3.141610891
6834375,4,0.032672332,0.127757000,0.000000000,0.127757000,6834375,0.209179,209.179284,2,openmp_needles,3.141633275
10251562,4,0.045506417,0.181292000,0.000000000,0.181292000,10251562,0.225277,225.277283,2,openmp_needles,3.141566211
15377343,4,0.066264469,0.263767000,0.000000000,0.263767000,15377343,0.232060,232.060156,2,openmp_needles,3.141557546
23066015,4,0.096153572,0.382423000,0.000393000,0.382816000,23066015,0.239887,239.887240,2,openmp_needles,3.141598477
34599022,4,0.143027974,0.569839000,0.000000000,0.569839000,34599022,0.241904,241.903881,2,openmp_needles,3.141590016
51898533,4,0.212561242,0.848661000,0.000000000,0.848661000,51898533,0.244158,244.158025,2,openmp_needles,3.141583551
77847800,4,0.317422510,1.264396000,0.000000000,1.264396000,77847800,0.245250,245.249778,2,openmp_needles,3.141580274
116771700,4,0.474735810,1.886812000,0.000392000,1.887204000,116771700,0.245972,245.971965,2,openmp_needles,3.141584670
175157550,4,0.713498266,2.837946000,0.000414000,2.838360000,175157550,0.245491,245.491206,2,openmp_needles,3.141584810
262736325,4,1.069963449,4.243042000,0.000000000,4.243042000,262736325,0.245556,245.556355,2,openmp_needles,3.141582538
394104487,4,1.613477546,6.366095000,0.000000000,6.366095000,394104487,0.244258,244.257807,2,openmp_needles,3.141581770
591156730,4,2.398348470,9.534008000,0.000000000,9.534008000,591156730,0.246485,246.484920,2,openmp_needles,3.141582577
886735095,4,3.614671379,14.305175000,0.000424000,14.305599000,886735095,0.245316,245.315549,2,openmp_needles,3.141582850
1330102642,4,5.363003933,21.317423000,0.000307000,21.317730000,1330102642,0.248014,248.014482,2,openmp_needles,3.141583168
400000,4,0.001632371,0.005840000,0.000000000,0.005840000,400000,0.245042,245.042334,2,openmp_needles,3.141961684
600000,4,0.002712005,0.010074000,0.000000000,0.010074000,600000,0.221239,221.238530,2,openmp_needles,3.141805386
900000,4,0.008006392,0.021071000,0.000986000,0.022057000,900000,0.112410,112.410184,2,openmp_needles,3.141569598
1350000,4,0.006833433,0.025421000,0.000000000,0.025421000,1350000,0.197558,197.558094,2,openmp_needles,3.141397806
2025000,4,0.011196263,0.037765000,0.000212000,0.037977000,2025000,0.180864,180.863919,2,openmp_needles,3.141634177
3037500,4,0.017415704,0.064103000,0.000968000,0.065071000,3037500,0.174412,174.411554,2,openmp_needles,3.141639051
4556250,4,0.020844463,0.079552000,0.000237000,0.079789000,4556250,0.218583,218.583228,2,openmp_needles,3.141606558
6834375,4,0.039493990,0.141284000,0.000246000,0.141530000,6834375,0.173048,173.048482,2,openmp_needles,3.141636163
10251562,4,0.047879343,0.188470000,0.000000000,0.188470000,10251562,0.214112,214.112420,2,openmp_needles,3.141564285
15377343,4,0.068088945,0.271673000,0.000000000,0.271673000,15377343,0.225842,225.841992,2,openmp_needles,3.141555621
23066015,4,0.100099874,0.398488000,0.000344000,0.398832000,23066015,0.230430,230.430010,2,openmp_needles,3.141596765
34599022,4,0.144927655,0.577612000,0.000381000,0.577993000,34599022,0.238733,238.733056,2,openmp_needles,3.141592869
51898533,4,0.217688109,0.866868000,0.000362000,0.867230000,51898533,0.238408,238.407753,2,openmp_needles,3.141583170
77847800,4,0.338798427,1.348964000,0.000284000,1.349248000,77847800,0.229776,229.776155,2,openmp_needles,3.141580274
116771700,4,0.483282959,1.918076000,0.000000000,1.918076000,116771700,0.241622,241.621803,2,openmp_needles,3.141584162
175157550,4,0.724643712,2.863512000,0.000000000,2.863512000,175157550,0.241715,241.715407,2,openmp_needles,3.141584416
262736325,4,1.085919336,4.274564000,0.000426000,4.274990000,262736325,0.241948,241.948289,2,openmp_needles,3.141582425
394104487,4,1.616565216,6.387567000,0.000389000,6.387956000,394104487,0.243791,243.791270,2,openmp_needles,3.141581770
591156730,4,2.414850142,9.559445000,0.000000000,9.559445000,591156730,0.244801,244.800586,2,openmp_needles,3.141582660
886735095,4,3.617621975,14.301451000,0.000000000,14.301451000,886735095,0.245115,245.115466,2,openmp_needles,3.141582805
1330102642,4,5.378213960,21.312529000,0.001366000,21.313895000,1330102642,0.247313,247.313077,2,openmp_needles,3.141583153
400000,4,0.001707962,0.003811000,0.000321000,0.004132000,400000,0.234197,234.197248,2,openmp_needles,3.142035725
600000,4,0.002875842,0.010427000,0.000371000,0.010798000,600000,0.208635,208.634549,2,openmp_needles,3.141772483
900000,4,0.007325535,0.021338000,0.000280000,0.021618000,900000,0.122858,122.857921,2,openmp_needles,3.141624429
1350000,4,0.005251325,0.017817000,0.000000000,0.017817000,1350000,0.257078,257.077976,2,openmp_needles,3.141405116
2025000,4,0.012946504,0.047240000,0.000292000,0.047532000,2025000,0.156413,156.412882,2,openmp_needles,3.141643925
3037500,4,0.016581929,0.063579000,0.000355000,0.063934000,3037500,0.183181,183.181342,2,openmp_needles,3.141619555
4556250,4,0.027256954,0.098865000,0.000207000,0.099072000,4556250,0.167159,167.159177,2,openmp_needles,3.141621722
6834375,4,0.031880833,0.125286000,0.000000000,0.125286000,6834375,0.214373,214.372535,2,openmp_needles,3.141626054
10251562,4,0.052452233,0.206675000,0.001985000,0.208660000,10251562,0.195446,195.445673,2,openmp_needles,3.141571987
15377343,4,0.068320795,0.270356000,0.000377000,0.270733000,15377343,0.225076,225.075586,2,openmp_needles,3.141553695
23066015,4,0.098948348,0.393866000,0.000223000,0.394089000,23066015,0.233112,233.111674,2,openmp_needles,3.141596337
34599022,4,0.143891893,0.573949000,0.000272000,0.574221000,34599022,0.240452,240.451503,2,openmp_needles,3.141592869
51898533,4,0.215023918,0.857702000,0.000355000,0.858057000,51898533,0.241362,241.361675,2,openmp_needles,3.141584882
77847800,4,0.320912157,1.278401000,0.000000000,1.278401000,77847800,0.242583,242.582895,2,openmp_needles,3.141580148
116771700,4,0.484930744,1.923043000,0.000000000,1.923043000,116771700,0.240801,240.800777,2,openmp_needles,3.141584247
175157550,4,0.778436885,3.093763000,0.000000000,3.093763000,175157550,0.225012,225.011884,2,openmp_needles,3.141584754
262736325,4,1.076024516,4.259584000,0.001000000,4.260584000,262736325,0.244173,244.173177,2,openmp_needles,3.141582650
394104487,4,1.615275111,6.394807000,0.000999000,6.395806000,394104487,0.243986,243.985984,2,openmp_needles,3.141581770
591156730,4,2.411268373,9.565669000,0.000000000,9.565669000,591156730,0.245164,245.164220,2,openmp_needles,3.141582594
886735095,4,3.608446915,14.328271000,0.002322000,14.330593000,886735095,0.245739,245.738711,2,openmp_needles,3.141582916
1330102642,4,5.369414542,21.322551000,0.001999000,21.324550000,1330102642,0.247718,247.718374,2,openmp_needles,3.141583168
400000,4,0.001735674,0.006117000,0.000206000,0.006323000,400000,0.230458,230.458024,2,openmp_needles,3.142035725
600000,4,0.002536596,0.009466000,0.000000000,0.009466000,600000,0.236537,236.537470,2,openmp_needles,3.141788935
900000,4,0.006248395,0.021183000,0.000949000,0.022132000,900000,0.144037,144.036989,2,openmp_needles,3.141602497
1350000,4,0.007105171,0.026852000,0.000978000,0.027830000,1350000,0.190002,190.002464,2,openmp_needles,3.141405116
2025000,4,0.011166926,0.042975000,0.000357000,0.043332000,2025000,0.181339,181.339072,2,openmp_needles,3.141619555
3037500,4,0.016475569,0.065125000,0.000097000,0.065222000,3037500,0.184364,184.363891,2,openmp_needles,3.141639051
4556250,4,0.020329885,0.079746000,0.000000000,0.079746000,4556250,0.224116,224.115877,2,openmp_needles,3.141608724
6834375,4,0.033213740,0.127647000,0.001945000,0.129592000,6834375,0.205770,205.769510,2,openmp_needles,3.141633275
10251562,4,0.050054033,0.191490000,0.000159000,0.191649000,10251562,0.204810,204.809910,2,openmp_needles,3.141572950
15377343,4,0.065870596,0.261206000,0.000000000,0.261206000,15377343,0.233448,233.447759,2,openmp_needles,3.141553053
23066015,4,0.097140301,0.381438000,0.000000000,0.381438000,23066015,0.237451,237.450520,2,openmp_needles,3.141595482
34599022,4,0.147387286,0.586787000,0.000372000,0.587159000,34599022,0.234749,234.749027,2,openmp_needles,3.141592013
51898533,4,0.216895041,0.862765000,0.001375000,0.864140000,51898533,0.239279,239.279482,2,openmp_needles,3.141584692
77847800,4,0.321683040,1.280145000,0.000998000,1.281143000,77847800,0.242002,242.001568,2,openmp_needles,3.141580274
116771700,4,0.479924846,1.906048000,0.001998000,1.908046000,116771700,0.243312,243.312471,2,openmp_needles,3.141584078
175157550,4,0.715922106,2.844646000,0.000999000,2.845645000,175157550,0.244660,244.660066,2,openmp_needles,3.141584641
262736325,4,1.082305337,4.270658000,0.001356000,4.272014000,262736325,0.242756,242.756195,2,openmp_needles,3.141582575
394104487,4,1.632551499,6.466593000,0.000000000,6.466593000,394104487,0.241404,241.404015,2,openmp_needles,3.141581820
591156730,4,2.414067505,9.543079000,0.001000000,9.544079000,591156730,0.244880,244.879950,2,openmp_needles,3.141582544
886735095,4,3.596947508,14.277955000,0.000803000,14.278758000,886735095,0.246524,246.524336,2,openmp_needles,3.141582872
1330102642,4,5.377104754,21.312016000,0.000361000,21.312377000,1330102642,0.247364,247.364093,2,openmp_needles,3.141583064
400000,4,0.001764278,0.006105000,0.000177000,0.006282000,400000,0.226722,226.721639,2,openmp_needles,3.141937004
600000,4,0.002608160,0.009234000,0.000000000,0.009234000,600000,0.230047,230.047236,2,openmp_needles,3.141854742
900000,4,0.010050653,0.028802000,0.000347000,0.029149000,900000,0.089546,89.546421,2,openmp_needles,3.141536700
1350000,4,0.005336835,0.019585000,0.000000000,0.019585000,1350000,0.252959,252.958917,2,openmp_needles,3.141383186
2025000,4,0.009788561,0.035870000,0.000479000,0.036349000,2025000,0.206874,206.874126,2,openmp_needles,3.141634177
3037500,4,0.016380750,0.060207000,0.000223000,0.060430000,3037500,0.185431,185.431070,2,openmp_needles,3.141658547
4556250,4,0.026667245,0.099140000,0.000177000,0.099317000,4556250,0.170856,170.855670,2,openmp_needles,3.141613057
6834375,4,0.035515553,0.138409000,0.000379000,0.138788000,6834375,0.192433,192.433298,2,openmp_needles,3.141623166
10251562,4,0.047985170,0.189670000,0.000368000,0.190038000,10251562,0.213640,213.640214,2,openmp_needles,3.141576801
15377343,4,0.065478726,0.261057000,0.000370000,0.261427000,15377343,0.234845,234.844872,2,openmp_needles,3.141553053
23066015,4,0.101151274,0.401780000,0.000342000,0.402122000,23066015,0.228035,228.034844,2,openmp_needles,3.141599333
34599022,4,0.148559533,0.591622000,0.000995000,0.592617000,34599022,0.232897,232.896680,2,openmp_needles,3.141592869
51898533,4,0.216751476,0.863117000,0.000000000,0.863117000,51898533,0.239438,239.437968,2,openmp_needles,3.141583170
77847800,4,0.323044350,1.286097000,0.000320000,1.286417000,77847800,0.240982,240.981772,2,openmp_needles,3.141579894
116771700,4,0.485828500,1.919826000,0.000420000,1.920246000,116771700,0.240356,240.355805,2,openmp_needles,3.141584500
175157550,4,0.721134610,2.853427000,0.000381000,2.853808000,175157550,0.242892,242.891615,2,openmp_needles,3.141584641
262736325,4,1.076983115,4.257860000,0.000371000,4.258231000,262736325,0.243956,243.955844,2,openmp_needles,3.141582500
394104487,4,1.729147000,6.496134000,0.000446000,6.496580000,394104487,0.227918,227.918440,2,openmp_needles,3.141581570
591156730,4,2.393221150,9.442749000,0.000000000,9.442749000,591156730,0.247013,247.012998,2,openmp_needles,3.141582594
886735095,4,3.583844133,14.194928000,0.001999000,14.196927000,886735095,0.247426,247.425687,2,openmp_needles,3.141582783
1330102642,4,5.351963995,21.254651000,0.000391000,21.255042000,1330102642,0.248526,248.526082,2,openmp_needles,3.141583064
400000,4,0.001544866,0.005657000,0.000000000,0.005657000,400000,0.258922,258.922133,2,openmp_needles,3.141937004
600000,4,0.002482774,0.009415000,0.000000000,0.009415000,600000,0.241665,241.665170,2,openmp_needles,3.141838290
900000,4,0.008581648,0.017687000,0.000918000,0.018605000,900000,0.104875,104.874961,2,openmp_needles,3.141492837
1350000,4,0.005122063,0.018659000,0.000350000,0.019009000,1350000,0.263566,263.565677,2,openmp_needles,3.141375876
2025000,4,0.014479063,0.051180000,0.000000000,0.051180000,2025000,0.139857,139.857116,2,openmp_needles,3.141604933
3037500,4,0.015698169,0.059409000,0.000413000,0.059822000,3037500,0.193494,193.493904,2,openmp_needles,3.141635802
4556250,4,0.024963419,0.097229000,0.000000000,0.097229000,4556250,0.182517,182.517066,2,openmp_needles,3.141617389
6834375,4,0.034321963,0.134169000,0.000168000,0.134337000,6834375,0.199125,199.125411,2,openmp_needles,3.141626054
10251562,4,0.053222236,0.208553000,0.000180000,0.208733000,10251562,0.192618,192.618025,2,openmp_needles,3.141578726
15377343,4,0.067599067,0.268073000,0.000000000,0.268073000,15377343,0.227479,227.478628,2,openmp_needles,3.141554979
23066015,4,0.097084885,0.385620000,0.000327000,0.385947000,23066015,0.237586,237.586057,2,openmp_needles,3.141599333
34599022,4,0.149528992,0.595313000,0.001001000,0.596314000,34599022,0.231387,231.386713,2,openmp_needles,3.141592298
51898533,4,0.218228993,0.870208000,0.000399000,0.870607000,51898533,0.237817,237.816856,2,openmp_needles,3.141583741
77847800,4,0.322845616,1.285382000,0.000000000,1.285382000,77847800,0.241130,241.130113,2,openmp_needles,3.141580021
116771700,4,0.482272532,1.918703000,0.000000000,1.918703000,116771700,0.242128,242.128034,2,openmp_needles,3.141584754
175157550,4,0.720538225,2.858301000,0.000435000,2.858736000,175157550,0.243093,243.092655,2,openmp_needles,3.141584698
262736325,4,1.076722827,4.262412000,0.000000000,4.262412000,262736325,0.244015,244.014818,2,openmp_needles,3.141582500
394104487,4,1.609777828,6.364282000,0.000423000,6.364705000,394104487,0.244819,244.819179,2,openmp_needles,3.141581620
591156730,4,2.405546892,9.477038000,0.000383000,9.477421000,591156730,0.245747,245.747332,2,openmp_needles,3.141582577
886735095,4,3.608322641,14.232746000,0.001000000,14.233746000,886735095,0.245747,245.747175,2,openmp_needles,3.141582894
1330102642,4,5.388452737,21.305058000,0.000000000,21.305058000,1330102642,0.246843,246.843149,2,openmp_needles,3.141583123
400000,4,0.001730654,0.006395000,0.000000000,0.006395000,400000,0.231126,231.126499,2,openmp_needles,3.141862968
600000,4,0.003286621,0.009981000,0.000000000,0.009981000,600000,0.182558,182.558317,2,openmp_needles,3.141854742
900000,4,0.006329366,0.021092000,0.000228000,0.021320000,900000,0.142194,142.194337,2,openmp_needles,3.141514769
1350000,4,0.006543667,0.025574000,0.000000000,0.025574000,1350000,0.206306,206.306342,2,openmp_needles,3.141397806
2025000,4,0.015385492,0.054442000,0.000040000,0.054482000,2025000,0.131618,131.617500,2,openmp_needles,3.141643925
3037500,4,0.021953054,0.074331000,0.000975000,0.075306000,3037500,0.138363,138.363437,2,openmp_needles,3.141613057
4556250,4,0.019985025,0.074149000,0.002972000,0.077121000,4556250,0.227983,227.983202,2,openmp_needles,3.141626054
6834375,4,0.038036635,0.149948000,0.000221000,0.150169000,6834375,0.179679,179.678749,2,openmp_needles,3.141630386
10251562,4,0.051380479,0.199025000,0.000345000,0.199370000,10251562,0.199523,199.522507,2,openmp_needles,3.141575838
15377343,4,0.069783839,0.276019000,0.000383000,0.276402000,15377343,0.220357,220.356793,2,openmp_needles,3.141558830
23066015,4,0.102163368,0.407155000,0.000288000,0.407443000,23066015,0.225776,225.775789,2,openmp_needles,3.141596765
34599022,4,0.151240129,0.600583000,0.000369000,0.600952000,34599022,0.228769,228.768795,2,openmp_needles,3.141592013
51898533,4,0.220551332,0.879459000,0.000000000,0.879459000,51898533,0.235313,235.312716,2,openmp_needles,3.141582790
77847800,4,0.326790621,1.298471000,0.000290000,1.298761000,77847800,0.238219,238.219199,2,openmp_needles,3.141580148
116771700,4,0.488711041,1.946611000,0.000410000,1.947021000,116771700,0.238938,238.938125,2,openmp_needles,3.141584500
175157550,4,0.728468496,2.895191000,0.000382000,2.895573000,175157550,0.240446,240.446294,2,openmp_needles,3.141584641
262736325,4,1.096536341,4.334725000,0.000321000,4.335046000,262736325,0.239606,239.605670,2,openmp_needles,3.141582162
394104487,4,1.642027692,6.470519000,0.001000000,6.471519000,394104487,0.240011,240.010865,2,openmp_needles,3.141581770
591156730,4,2.442840721,9.643423000,0.000000000,9.643423000,591156730,0.241996,241.995610,2,openmp_needles,3.141582544
886735095,4,3.656822420,14.450800000,0.000296000,14.451096000,886735095,0.242488,242.487874,2,openmp_needles,3.141582883
1330102642,4,5.479300650,21.675321000,0.016336000,21.691657000,1330102642,0.242750,242.750440,2,openmp_needles,3.141583123
400000,4,0.001741274,0.006126000,0.000000000,0.006126000,400000,0.229717,229.716862,2,openmp_needles,3.141862968
600000,4,0.002484167,0.009280000,0.000000000,0.009280000,600000,0.241530,241.529656,2,openmp_needles,3.141920551
900000,4,0.006234126,0.021531000,0.000000000,0.021531000,900000,0.144367,144.366668,2,openmp_needles,3.141547666
1350000,4,0.007837853,0.028242000,0.000260000,0.028502000,1350000,0.172241,172.241046,2,openmp_needles,3.141405116
2025000,4,0.011760436,0.040355000,0.000222000,0.040577000,2025000,0.172187,172.187494,2,openmp_needles,3.141629303
3037500,4,0.017445383,0.065205000,0.001196000,0.066401000,3037500,0.174115,174.114836,2,openmp_needles,3.141616306
4556250,4,0.026987810,0.100807000,0.001005000,0.101812000,4556250,0.168826,168.826222,2,openmp_needles,3.141626054
6834375,4,0.033709291,0.132938000,0.000333000,0.133271000,6834375,0.202745,202.744549,2,openmp_needles,3.141623166
10251562,4,0.047178980,0.187175000,0.000000000,0.187175000,10251562,0.217291,217.290878,2,openmp_needles,3.141576801
15377343,4,0.069101365,0.273357000,0.000996000,0.274353000,15377343,0.222533,222.533129,2,openmp_needles,3.141554337
23066015,4,0.101325622,0.396536000,0.005228000,0.401764000,23066015,0.227642,227.642471,2,openmp_needles,3.141598477
34599022,4,0.152368385,0.601227000,0.003985000,0.605212000,34599022,0.227075,227.074810,2,openmp_needles,3.141591443
51898533,4,0.223696525,0.885873000,0.000276000,0.886149000,51898533,0.232004,232.004199,2,openmp_needles,3.141582600
77847800,4,0.337232835,1.308789000,0.009364000,1.318153000,77847800,0.230843,230.842883,2,openmp_needles,3.141580274
116771700,4,0.499556220,1.945858000,0.009455000,1.955313000,116771700,0.233751,233.750868,2,openmp_needles,3.141583909
175157550,4,0.757157509,2.898548000,0.021978000,2.920526000,175157550,0.231336,231.335684,2,openmp_needles,3.141584698
262736325,4,1.107061723,4.290613000,0.030393000,4.321006000,262736325,0.237328,237.327621,2,openmp_needles,3.141582200
394104487,4,1.633035394,6.428091000,0.022456000,6.450547000,394104487,0.241332,241.332483,2,openmp_needles,3.141581795
591156730,4,2.440622723,9.610475000,0.091424000,9.701899000,591156730,0.242216,242.215531,2,openmp_needles,3.141582627
886735095,4,3.724677150,14.364130000,0.111438000,14.475568000,886735095,0.238070,238.070324,2,openmp_needles,3.141582705
1330102642,4,5.598736316,21.632868000,0.161450000,21.794318000,1330102642,0.237572,237.571939,2,openmp_needles,3.141583101
400000,4,0.001741625,0.006318000,0.000103000,0.006421000,400000,0.229671,229.670566,2,openmp_needles,3.141443493
600000,4,0.002815047,0.009764000,0.000000000,0.009764000,600000,0.213140,213.140313,2,openmp_needles,3.141805386
900000,4,0.007930275,0.021361000,0.000000000,0.021361000,900000,0.113489,113.489129,2,openmp_needles,3.141591530
1350000,4,0.005303391,0.019904000,0.000888000,0.020792000,1350000,0.254554,254.554115,2,openmp_needles,3.141448976
2025000,4,0.013726230,0.044276000,0.000256000,0.044532000,2025000,0.147528,147.527763,2,openmp_needles,3.141604933
3037500,4,0.021832104,0.071998000,0.000223000,0.072221000,3037500,0.139130,139.129971,2,openmp_needles,3.141639051
4556250,4,0.026406119,0.101379000,0.000209000,0.101588000,4556250,0.172545,172.545235,2,openmp_needles,3.141600060
6834375,4,0.034123495,0.134020000,0.000990000,0.135010000,6834375,0.200284,200.283558,2,openmp_needles,3.141627498
10251562,4,0.048730466,0.191567000,0.002266000,0.193833000,10251562,0.210373,210.372747,2,openmp_needles,3.141582577
15377343,4,0.069210386,0.274553000,0.000313000,0.274866000,15377343,0.222183,222.182593,2,openmp_needles,3.141553695
23066015,4,0.102791864,0.400282000,0.006965000,0.407247000,23066015,0.224395,224.395337,2,openmp_needles,3.141600188
34599022,4,0.150736797,0.594335000,0.007357000,0.601692000,34599022,0.229533,229.532687,2,openmp_needles,3.141593154
51898533,4,0.222208962,0.877782000,0.005407000,0.883189000,51898533,0.233557,233.557335,2,openmp_needles,3.141582410
77847800,4,0.341530541,1.307719000,0.016360000,1.324079000,77847800,0.227938,227.938034,2,openmp_needles,3.141579767
116771700,4,0.513007865,1.917312000,0.031980000,1.949292000,116771700,0.227622,227.621656,2,openmp_needles,3.141583064
175157550,4,0.737354022,2.903388000,0.013995000,2.917383000,175157550,0.237549,237.548782,2,openmp_needles,3.141584416
262736325,4,1.126497517,4.344947000,0.049335000,4.394282000,262736325,0.233233,233.232938,2,openmp_needles,3.141582763
394104487,4,1.640097492,6.466975000,0.018995000,6.485970000,394104487,0.240293,240.293329,2,openmp_needles,3.141581570
591156730,4,2.513442843,9.637344000,0.069347000,9.706691000,591156730,0.235198,235.198000,2,openmp_needles,3.141582811
886735095,4,3.751826104,14.451959000,0.149984000,14.601943000,886735095,0.236348,236.347600,2,openmp_needles,3.141582861
1330102642,4,5.625708778,21.567374000,0.221432000,21.788806000,1330102642,0.236433,236.432900,2,openmp_needles,3.141583145
400000,4,0.001714894,0.003958000,0.000000000,0.003958000,400000,0.233251,233.250568,2,openmp_needles,3.141443493
600000,4,0.002401021,0.006908000,0.000333000,0.007241000,600000,0.249894,249.893691,2,openmp_needles,3.141788935
900000,4,0.008417989,0.023253000,0.000161000,0.023414000,900000,0.106914,106.913896,2,openmp_needles,3.141624429
1350000,4,0.006047666,0.021490000,0.000000000,0.021490000,1350000,0.223227,223.226613,2,openmp_needles,3.141448976
2025000,4,0.013238325,0.042880000,0.001331000,0.044211000,2025000,0.152965,152.964971,2,openmp_needles,3.141609807
3037500,4,0.019350261,0.069983000,0.000000000,0.069983000,3037500,0.156975,156.974627,2,openmp_needles,3.141642301
4556250,4,0.025991360,0.096676000,0.000216000,0.096892000,4556250,0.175299,175.298638,2,openmp_needles,3.141600060
6834375,4,0.032841960,0.129860000,0.000988000,0.130848000,6834375,0.208099,208.098877,2,openmp_needles,3.141630386
10251562,4,0.047851866,0.188088000,0.002301000,0.190389000,10251562,0.214235,214.235365,2,openmp_needles,3.141580652
15377343,4,0.067306523,0.266708000,0.000371000,0.267079000,15377343,0.228467,228.467351,2,openmp_needles,3.141549844
23066015,4,0.097955944,0.389585000,0.000000000,0.389585000,23066015,0.235473,235.473357,2,openmp_needles,3.141599761
34599022,4,0.150733262,0.596610000,0.004985000,0.601595000,34599022,0.229538,229.538070,2,openmp_needles,3.141590872
51898533,4,0.222340686,0.881932000,0.000249000,0.882181000,51898533,0.233419,233.418966,2,openmp_needles,3.141582980
77847800,4,0.333485470,1.290547000,0.012438000,1.302985000,77847800,0.233437,233.436857,2,openmp_needles,3.141579894
116771700,4,0.507608824,1.939985000,0.030412000,1.970397000,116771700,0.230043,230.042691,2,openmp_needles,3.141582979
175157550,4,0.779335198,2.884709000,0.037361000,2.922070000,175157550,0.224753,224.752520,2,openmp_needles,3.141584472
262736325,4,1.127328649,4.342367000,0.032308000,4.374675000,262736325,0.233061,233.060985,2,openmp_needles,3.141582763
394104487,4,1.702455981,6.478580000,0.063371000,6.541951000,394104487,0.231492,231.491734,2,openmp_needles,3.141581545
591156730,4,2.510118423,9.826571000,0.074470000,9.901041000,591156730,0.235509,235.509498,2,openmp_needles,3.141582694
886735095,4,3.755922190,14.366311000,0.147364000,14.513675000,886735095,0.236090,236.089847,2,openmp_needles,3.141582905
1330102642,4,5.615984441,21.725328000,0.182998000,21.908326000,1330102642,0.236842,236.842295,2,openmp_needles,3.141583168
400000,8,0.001279969,0.007084000,0.000304000,0.007388000,400000,0.312508,312.507569,2,openmp_needles,3.141665554
600000,8,0.001947440,0.008904000,0.000678000,0.009582000,600000,0.308097,308.096783,2,openmp_needles,3.141624429
900000,8,0.008070838,0.048386000,0.000318000,0.048704000,900000,0.111513,111.512584,2,openmp_needles,3.141734098
1350000,8,0.005478249,0.035722000,0.000929000,0.036651000,1350000,0.246429,246.429105,2,openmp_needles,3.141763344
2025000,8,0.005917141,0.044354000,0.000000000,0.044354000,2025000,0.342226,342.226085,2,openmp_needles,3.141648799
3037500,8,0.021277683,0.131155000,0.002283000,0.133438000,3037500,0.142755,142.755205,2,openmp_needles,3.141648799
4556250,8,0.014991430,0.110199000,0.000202000,0.110401000,4556250,0.303924,303.923642,2,openmp_needles,3.141686709
6834375,8,0.032252694,0.202767000,0.003023000,0.205790000,6834375,0.211901,211.900904,2,openmp_needles,3.141584174
10251562,8,0.040395467,0.279977000,0.000978000,0.280955000,10251562,0.253780,253.780010,2,openmp_needles,3.141537329
15377343,8,0.049918477,0.376241000,0.003273000,0.379514000,15377343,0.308049,308.049122,2,openmp_needles,3.141567815
23066015,8,0.076239252,0.564121000,0.006256000,0.570377000,23066015,0.302548,302.547761,2,openmp_needles,3.141579222
34599022,8,0.108524006,0.788094000,0.005998000,0.794092000,34599022,0.318814,318.814457,2,openmp_needles,3.141594295
51898533,8,0.158229695,1.115157000,0.006967000,1.122124000,51898533,0.327995,327.994900,2,openmp_needles,3.141579177
77847800,8,0.242073159,1.683753000,0.013977000,1.697730000,77847800,0.321588,321.587905,2,openmp_needles,3.141572921
116771700,8,0.354289746,2.431249000,0.019991000,2.451240000,116771700,0.329594,329.593790,2,openmp_needles,3.141581796
175157550,8,0.523203686,3.656336000,0.030257000,3.686593000,175157550,0.334779,334.778891,2,openmp_needles,3.141581599
262736325,8,0.777667397,5.353869000,0.034120000,5.387989000,262736325,0.337852,337.851794,2,openmp_needles,3.141582200
394104487,8,1.159921454,8.120117000,0.017997000,8.138114000,394104487,0.339768,339.768254,2,openmp_needles,3.141582020
591156730,8,1.743488352,12.079278000,0.024366000,12.103644000,591156730,0.339065,339.065489,2,openmp_needles,3.141583161
886735095,8,2.624111751,18.116911000,0.115977000,18.232888000,886735095,0.337918,337.918191,2,openmp_needles,3.141582683
1330102642,8,3.905424361,27.568298000,0.048001000,27.616299000,1330102642,0.340578,340.578262,2,openmp_needles,3.141583034
400000,8,0.001288585,0.004516000,0.000000000,0.004516000,400000,0.310418,310.418017,2,openmp_needles,3.141714905
600000,8,0.001819931,0.007331000,0.000000000,0.007331000,600000,0.329683,329.682829,2,openmp_needles,3.141657329
900000,8,0.003117574,0.017513000,0.000297000,0.017810000,900000,0.288686,288.686010,2,openmp_needles,3.141777967
1350000,8,0.008735202,0.054015000,0.000000000,0.054015000,1350000,0.154547,154.547084,2,openmp_needles,3.141748721
2025000,8,0.005917552,0.041482000,0.001147000,0.042629000,2025000,0.342202,342.202316,2,openmp_needles,3.141643925
3037500,8,0.019118615,0.115711000,0.002348000,0.118059000,3037500,0.158877,158.876571,2,openmp_needles,3.141639051
4556250,8,0.014180769,0.106815000,0.001308000,0.108123000,4556250,0.321298,321.297808,2,openmp_needles,3.141680210
6834375,8,0.031866419,0.213286000,0.000203000,0.213489000,6834375,0.214470,214.469502,2,openmp_needles,3.141581286
10251562,8,0.040112795,0.287493000,0.004115000,0.291608000,10251562,0.255568,255.568379,2,openmp_needles,3.141543105
15377343,8,0.056812066,0.399909000,0.001318000,0.401227000,15377343,0.270670,270.670371,2,openmp_needles,3.141567815
23066015,8,0.087295081,0.580899000,0.004381000,0.585280000,23066015,0.264230,264.230410,2,openmp_needles,3.141580506
34599022,8,0.105052315,0.762104000,0.000406000,0.762510000,34599022,0.329350,329.350400,2,openmp_needles,3.141594010
51898533,8,0.173307810,1.182649000,0.010367000,1.193016000,51898533,0.299459,299.458709,2,openmp_needles,3.141580318
77847800,8,0.237050516,1.659701000,0.014019000,1.673720000,77847800,0.328402,328.401732,1,openmp_needles,3.141573302
116771700,8,0.359619462,2.526711000,0.004003000,2.530714000,116771700,0.324709,324.709067,2,openmp_needles,3.141580444
175157550,8,0.515592089,3.644831000,0.019382000,3.664213000,175157550,0.339721,339.721174,2,openmp_needles,3.141581542
262736325,8,0.786544184,5.581695000,0.022964000,5.604659000,262736325,0.334039,334.038863,2,openmp_needles,3.141582538
394104487,8,1.183955867,8.333729000,0.050374000,8.384103000,394104487,0.332871,332.870927,2,openmp_needles,3.141581920
591156730,8,1.784827907,12.629750000,0.069979000,12.699729000,591156730,0.331212,331.212173,2,openmp_needles,3.141583111
886735095,8,2.592866375,18.267968000,0.030450000,18.298418000,886735095,0.341990,341.990279,2,openmp_needles,3.141582649
1330102642,8,3.953007104,28.027916000,0.025407000,28.053323000,1330102642,0.336479,336.478687,2,openmp_needles,3.141583019
400000,8,0.001576635,0.006542000,0.000228000,0.006770000,400000,0.253705,253.704884,2,openmp_needles,3.141788935
600000,8,0.002051816,0.013678000,0.000335000,0.014013000,600000,0.292424,292.423882,2,openmp_needles,3.141476389
900000,8,0.013565566,0.066910000,0.000000000,0.066910000,900000,0.066344,66.344449,2,openmp_needles,3.141756032
1350000,8,0.013496256,0.068802000,0.000262000,0.069064000,1350000,0.100028,100.027741,2,openmp_needles,3.141770655
2025000,8,0.006386661,0.044349000,0.000099000,0.044448000,2025000,0.317067,317.067087,2,openmp_needles,3.141590312
3037500,8,0.011739253,0.080901000,0.000000000,0.080901000,3037500,0.258747,258.747298,2,openmp_needles,3.141626054
4556250,8,0.018377896,0.132489000,0.000980000,0.133469000,4556250,0.247920,247.920110,2,openmp_needles,3.141693208
6834375,8,0.032561871,0.206863000,0.000315000,0.207178000,6834375,0.209889,209.888891,2,openmp_needles,3.141575510
10251562,8,0.033815110,0.264402000,0.000369000,0.264771000,10251562,0.303165,303.165124,2,openmp_needles,3.141539255
15377343,8,0.053278891,0.414526000,0.000283000,0.414809000,15377343,0.288620,288.619803,2,openmp_needles,3.141569741
23066015,8,0.094079525,0.612531000,0.000154000,0.612685000,23066015,0.245176,245.175717,2,openmp_needles,3.141577511
34599022,8,0.114374924,0.847819000,0.000993000,0.848812000,34599022,0.302505,302.505311,2,openmp_needles,3.141598859
51898533,8,0.176152765,1.255715000,0.000352000,1.256067000,51898533,0.294622,294.622301,2,openmp_needles,3.141579747
77847800,8,0.245339092,1.714088000,0.000377000,1.714465000,77847800,0.317307,317.306954,2,openmp_needles,3.141573428
116771700,8,0.372715914,2.643978000,0.000997000,2.644975000,116771700,0.313299,313.299475,2,openmp_needles,3.141580697
175157550,8,0.560939593,3.955271000,0.000422000,3.955693000,175157550,0.312257,312.257420,2,openmp_needles,3.141581880
262736325,8,0.809709242,5.854160000,0.000000000,5.854160000,262736325,0.324482,324.482310,2,openmp_needles,3.141582125
394104487,8,1.181862998,8.517066000,0.001400000,8.518466000,394104487,0.333460,333.460382,2,openmp_needles,3.141582020
591156730,8,1.962912170,14.050125000,0.000400000,14.050525000,591156730,0.301163,301.163108,2,openmp_needles,3.141583044
886735095,8,2.660007734,19.380861000,0.000363000,19.381224000,886735095,0.333358,333.358089,2,openmp_needles,3.141582638
1330102642,8,4.106377346,29.747036000,0.000436000,29.747472000,1330102642,0.323911,323.911450,2,openmp_needles,3.141583086
400000,8,0.001690428,0.008329000,0.000997000,0.009326000,400000,0.236626,236.626464,2,openmp_needles,3.141788935
600000,8,0.002255427,0.014352000,0.000000000,0.014352000,600000,0.266025,266.025014,2,openmp_needles,3.141525734
900000,8,0.012619052,0.055241000,0.000301000,0.055542000,900000,0.071321,71.320730,2,openmp_needles,3.141723130
1350000,8,0.004242612,0.030076000,0.000960000,0.031036000,1350000,0.318200,318.200203,2,openmp_needles,3.141799902
2025000,8,0.006392080,0.045435000,0.000323000,0.045758000,2025000,0.316798,316.798288,2,openmp_needles,3.141575690
3037500,8,0.021260157,0.120345000,0.000136000,0.120481000,3037500,0.142873,142.872887,2,openmp_needles,3.141629303
4556250,8,0.025056873,0.142295000,0.000980000,0.143275000,4556250,0.181836,181.836337,2,openmp_needles,3.141675878
6834375,8,0.039177289,0.227255000,0.002149000,0.229404000,6834375,0.174447,174.447369,2,openmp_needles,3.141566845
10251562,8,0.044171850,0.292582000,0.000149000,0.292731000,10251562,0.232084,232.083601,2,openmp_needles,3.141545031
15377343,8,0.062935488,0.426091000,0.000000000,0.426091000,15377343,0.244335,244.335009,2,openmp_needles,3.141568457
23066015,8,0.084248916,0.601981000,0.000994000,0.602975000,23066015,0.273784,273.784116,2,openmp_needles,3.141576227
34599022,8,0.129921858,0.906402000,0.001416000,0.907818000,34599022,0.266306,266.306398,2,openmp_needles,3.141598859
51898533,8,0.170982407,1.225154000,0.000299000,1.225453000,51898533,0.303531,303.531421,2,openmp_needles,3.141578036
77847800,8,0.259850189,1.895705000,0.000409000,1.896114000,77847800,0.299587,299.587236,2,openmp_needles,3.141574189
116771700,8,0.375776607,2.682229000,0.000998000,2.683227000,116771700,0.310748,310.747657,2,openmp_needles,3.141580528
175157550,8,0.517865658,3.765322000,0.000999000,3.766321000,175157550,0.338230,338.229707,2,openmp_needles,3.141581711
262736325,8,0.859220057,6.156460000,0.000999000,6.157459000,262736325,0.305785,305.784674,2,openmp_needles,3.141582425
394104487,8,1.188953521,8.523811000,0.001000000,8.524811000,394104487,0.331472,331.471735,2,openmp_needles,3.141582196
591156730,8,1.748822144,12.683978000,0.000000000,12.683978000,591156730,0.338031,338.031361,2,openmp_needles,3.141582944
886735095,8,2.662510412,19.301055000,0.000418000,19.301473000,886735095,0.333045,333.044743,2,openmp_needles,3.141582761
1330102642,8,3.980652590,28.700012000,0.000999000,28.701011000,1330102642,0.334142,334.141855,2,openmp_needles,3.141583079
400000,8,0.001551539,0.010009000,0.000000000,0.010009000,400000,0.257809,257.808537,2,openmp_needles,3.141714905
600000,8,0.002025626,0.010050000,0.000000000,0.010050000,600000,0.296205,296.204729,2,openmp_needles,3.141525734
900000,8,0.007331481,0.044967000,0.000000000,0.044967000,900000,0.122758,122.758280,2,openmp_needles,3.141788935
1350000,8,0.005516299,0.036485000,0.000215000,0.036700000,1350000,0.244729,244.729301,2,openmp_needles,3.141756032
2025000,8,0.006577588,0.047713000,0.000911000,0.048624000,2025000,0.307864,307.863612,2,openmp_needles,3.141561069
3037500,8,0.022070766,0.133581000,0.000306000,0.133887000,3037500,0.137625,137.625491,2,openmp_needles,3.141622805
4556250,8,0.015707800,0.114538000,0.000341000,0.114879000,4556250,0.290063,290.062899,2,openmp_needles,3.141691042
6834375,8,0.028899384,0.205996000,0.000000000,0.205996000,6834375,0.236489,236.488605,2,openmp_needles,3.141566845
10251562,8,0.051307221,0.327469000,0.000000000,0.327469000,10251562,0.199807,199.807392,2,openmp_needles,3.141548882
15377343,8,0.059062838,0.404981000,0.000989000,0.405970000,15377343,0.260356,260.355640,2,openmp_needles,3.141571666
23066015,8,0.087785690,0.608906000,0.002218000,0.611124000,23066015,0.262754,262.753702,2,openmp_needles,3.141578794
34599022,8,0.126663467,0.895880000,0.001331000,0.897211000,34599022,0.273157,273.157074,2,openmp_needles,3.141601141
51898533,8,0.184066243,1.315027000,0.000997000,1.316024000,51898533,0.281956,281.955736,2,openmp_needles,3.141580318
77847800,8,0.266165496,1.952417000,0.000353000,1.952770000,77847800,0.292479,292.478932,2,openmp_needles,3.141573682
116771700,8,0.365582156,2.676628000,0.000356000,2.676984000,116771700,0.319413,319.413019,2,openmp_needles,3.141580359
175157550,8,0.556936988,4.059128000,0.000999000,4.060127000,175157550,0.314502,314.501557,2,openmp_needles,3.141581711
262736325,8,0.828527329,6.076355000,0.001000000,6.077355000,262736325,0.317112,317.112443,2,openmp_needles,3.141582463
394104487,8,1.247847587,8.675583000,0.000405000,8.675988000,394104487,0.315827,315.827422,2,openmp_needles,3.141582121
591156730,8,1.895356695,13.478097000,0.001000000,13.479097000,591156730,0.311897,311.897350,2,openmp_needles,3.141582928
886735095,8,2.713608540,19.668458000,0.001335000,19.669793000,886735095,0.326773,326.773402,2,openmp_needles,3.141582583
1330102642,8,4.104565478,30.149132000,0.001428000,30.150560000,1330102642,0.324054,324.054434,2,openmp_needles,3.141582997
400000,8,0.001666945,0.007524000,0.000809000,0.008333000,400000,0.239960,239.959927,2,openmp_needles,3.141616204
600000,8,0.001938554,0.013694000,0.000291000,0.013985000,600000,0.309509,309.509046,2,openmp_needles,3.141575081
900000,8,0.013063233,0.060252000,0.000951000,0.061203000,900000,0.068896,68.895655,2,openmp_needles,3.141734098
1350000,8,0.004676554,0.032161000,0.000872000,0.033033000,1350000,0.288674,288.674096,2,openmp_needles,3.141821838
2025000,8,0.009904814,0.065626000,0.000259000,0.065885000,2025000,0.204446,204.446040,2,openmp_needles,3.141624429
3037500,8,0.014044633,0.097379000,0.001140000,0.098519000,3037500,0.216275,216.274786,2,openmp_needles,3.141619555
4556250,8,0.023632623,0.144233000,0.001123000,0.145356000,4556250,0.192795,192.794934,2,openmp_needles,3.141673711
6834375,8,0.033707785,0.210081000,0.000000000,0.210081000,6834375,0.202754,202.753607,2,openmp_needles,3.141578398
10251562,8,0.036469831,0.281985000,0.000988000,0.282973000,10251562,0.281097,281.097053,2,openmp_needles,3.141539255
15377343,8,0.059507709,0.439124000,0.001284000,0.440408000,15377343,0.258409,258.409259,2,openmp_needles,3.141573592
23066015,8,0.079416662,0.569541000,0.007932000,0.577473000,23066015,0.290443,290.443018,2,openmp_needles,3.141578794
34599022,8,0.115338848,0.840615000,0.000356000,0.840971000,34599022,0.299977,299.977177,2,openmp_needles,3.141597718
51898533,8,0.169494405,1.178328000,0.007985000,1.186313000,51898533,0.306196,306.196143,2,openmp_needles,3.141580318
77847800,8,0.255885609,1.759484000,0.000395000,1.759879000,77847800,0.304229,304.228910,2,openmp_needles,3.141572921
116771700,8,0.353447529,2.542281000,0.000000000,2.542281000,116771700,0.330379,330.379166,2,openmp_needles,3.141580021
175157550,8,0.533311999,3.798274000,0.000999000,3.799273000,175157550,0.328434,328.433544,2,openmp_needles,3.141582500
262736325,8,0.791189159,5.659661000,0.000000000,5.659661000,262736325,0.332078,332.077762,2,openmp_needles,3.141582387
394104487,8,1.266291797,9.072947000,0.000401000,9.073348000,394104487,0.311227,311.227229,2,openmp_needles,3.141582171
591156730,8,1.905658221,14.199708000,0.000000000,14.199708000,591156730,0.310211,310.211308,2,openmp_needles,3.141583011
886735095,8,2.595024633,18.191115000,0.000386000,18.191501000,886735095,0.341706,341.705849,2,openmp_needles,3.141582738
1330102642,8,3.843019036,26.989784000,0.000999000,26.990783000,1330102642,0.346109,346.108783,2,openmp_needles,3.141583019
400000,8,0.001494401,0.009683000,0.000000000,0.009683000,400000,0.267666,267.665774,2,openmp_needles,3.141468165
600000,8,0.001895242,0.010641000,0.000000000,0.010641000,600000,0.316582,316.582262,2,openmp_needles,3.141591530
900000,8,0.012348182,0.067047000,0.000000000,0.067047000,900000,0.072885,72.885223,2,openmp_needles,3.141690229
1350000,8,0.004393944,0.030069000,0.000206000,0.030275000,1350000,0.307241,307.241057,2,openmp_needles,3.141814526
2025000,8,0.006284167,0.045547000,0.001926000,0.047473000,2025000,0.322238,322.238413,2,openmp_needles,3.141600060
3037500,8,0.023898970,0.135790000,0.000171000,0.135961000,3037500,0.127098,127.097528,2,openmp_needles,3.141619555
4556250,8,0.025143553,0.157899000,0.000973000,0.158872000,4556250,0.181209,181.209473,2,openmp_needles,3.141658547
6834375,8,0.030057673,0.201811000,0.000000000,0.201811000,6834375,0.227375,227.375386,2,openmp_needles,3.141579842
10251562,8,0.046279365,0.302653000,0.001094000,0.303747000,10251562,0.221515,221.514751,2,openmp_needles,3.141542143
15377343,8,0.061961406,0.419128000,0.001425000,0.420553000,15377343,0.248176,248.176147,2,openmp_needles,3.141580010
23066015,8,0.072982400,0.539937000,0.001407000,0.541344000,23066015,0.316049,316.049006,2,openmp_needles,3.141578794
34599022,8,0.118146094,0.817416000,0.002338000,0.819754000,34599022,0.292849,292.849478,2,openmp_needles,3.141599715
51898533,8,0.161065792,1.189970000,0.000413000,1.190383000,51898533,0.322219,322.219463,2,openmp_needles,3.141578986
77847800,8,0.245637684,1.728087000,0.000397000,1.728484000,77847800,0.316921,316.921242,2,openmp_needles,3.141573428
116771700,8,0.355783935,2.559971000,0.000398000,2.560369000,116771700,0.328210,328.209592,2,openmp_needles,3.141580274
175157550,8,0.529323936,3.767590000,0.000376000,3.767966000,175157550,0.330908,330.908047,2,openmp_needles,3.141582218
262736325,8,0.780062508,5.521859000,0.000396000,5.522255000,262736325,0.336814,336.814451,2,openmp_needles,3.141582125
394104487,8,1.186163771,8.377674000,0.001441000,8.379115000,394104487,0.332251,332.251327,2,openmp_needles,3.141581970
591156730,8,1.766343047,12.536696000,0.000000000,12.536696000,591156730,0.334678,334.678324,2,openmp_needles,3.141582944
886735095,8,2.676323859,19.262842000,0.002386000,19.265228000,886735095,0.331326,331.325782,2,openmp_needles,3.141582672
1330102642,8,4.052592851,29.207437000,0.000000000,29.207437000,1330102642,0.328210,328.210282,2,openmp_needles,3.141583041
400000,8,0.001439127,0.006680000,0.000308000,0.006988000,400000,0.277946,277.946283,2,openmp_needles,3.141468165
600000,8,0.001820532,0.006539000,0.001759000,0.008298000,600000,0.329574,329.573993,2,openmp_needles,3.141624429
900000,8,0.017835015,0.077062000,0.000352000,0.077414000,900000,0.050463,50.462531,2,openmp_needles,3.141701196
1350000,8,0.004421797,0.027657000,0.000116000,0.027773000,1350000,0.305306,305.305739,2,openmp_needles,3.141785279
2025000,8,0.006351244,0.045841000,0.000333000,0.046174000,2025000,0.318835,318.835176,2,openmp_needles,3.141619555
3037500,8,0.020019299,0.119225000,0.000000000,0.119225000,3037500,0.151729,151.728589,2,openmp_needles,3.141606558
4556250,8,0.015881854,0.115977000,0.000980000,0.116957000,4556250,0.286884,286.884012,2,openmp_needles,3.141662880
6834375,8,0.032970471,0.212413000,0.000194000,0.212607000,6834375,0.207288,207.287758,2,openmp_needles,3.141584174
10251562,8,0.034820147,0.259783000,0.000303000,0.260086000,10251562,0.294415,294.414667,2,openmp_needles,3.141544068
15377343,8,0.065227575,0.442241000,0.000188000,0.442429000,15377343,0.235749,235.749114,2,openmp_needles,3.141581293
23066015,8,0.081713371,0.610606000,0.000998000,0.611604000,23066015,0.282280,282.279567,2,openmp_needles,3.141579222
34599022,8,0.120588759,0.865062000,0.001326000,0.866388000,34599022,0.286917,286.917473,2,openmp_needles,3.141598289
51898533,8,0.191755043,1.350081000,0.000996000,1.351077000,51898533,0.270650,270.650160,2,openmp_needles,3.141579367
77847800,8,0.252849752,1.779300000,0.000000000,1.779300000,77847800,0.307882,307.881655,2,openmp_needles,3.141572794
116771700,8,0.360490484,2.630368000,0.000000000,2.630368000,116771700,0.323925,323.924501,2,openmp_needles,3.141580359
175157550,8,0.544540685,3.992189000,0.000000000,3.992189000,175157550,0.321661,321.661089,2,openmp_needles,3.141582444
262736325,8,0.834365160,6.057187000,0.000999000,6.058186000,262736325,0.314894,314.893691,2,openmp_needles,3.141582688
394104487,8,1.198248748,8.620977000,0.000000000,8.620977000,394104487,0.328900,328.900395,2,openmp_needles,3.141581695
591156730,8,1.845058848,13.357010000,0.000000000,13.357010000,591156730,0.320400,320.399932,2,openmp_needles,3.141582744
886735095,8,2.712007319,19.564902000,0.000000000,19.564902000,886735095,0.326966,326.966336,2,openmp_needles,3.141582761
1330102642,8,4.166807368,30.473226000,0.001416000,30.474642000,1330102642,0.319214,319.213855,2,openmp_needles,3.141583227
400000,8,0.001393522,0.007088000,0.000847000,0.007935000,400000,0.287042,287.042472,2,openmp_needles,3.141542183
600000,8,0.001841161,0.009478000,0.000000000,0.009478000,600000,0.325881,325.881332,2,openmp_needles,3.141509286
900000,8,0.012651911,0.064967000,0.000331000,0.065298000,900000,0.071135,71.135499,2,openmp_needles,3.141624429
1350000,8,0.004270524,0.026007000,0.000051000,0.026058000,1350000,0.316120,316.120457,2,openmp_needles,3.141675607
2025000,8,0.006452111,0.047949000,0.000898000,0.048847000,2025000,0.313851,313.850769,2,openmp_needles,3.141565943
3037500,8,0.024110014,0.131987000,0.000998000,0.132985000,3037500,0.125985,125.984995,2,openmp_needles,3.141622805
4556250,8,0.018305637,0.132485000,0.000972000,0.133457000,4556250,0.248899,248.898741,2,openmp_needles,3.141678044
6834375,8,0.030768794,0.222392000,0.000244000,0.222636000,6834375,0.222120,222.120340,2,openmp_needles,3.141601504
10251562,8,0.051143417,0.295615000,0.000991000,0.296606000,10251562,0.200447,200.447342,2,openmp_needles,3.141557546
15377343,8,0.060121993,0.405846000,0.000355000,0.406201000,15377343,0.255769,255.769016,2,openmp_needles,3.141574875
23066015,8,0.081676930,0.584821000,0.002362000,0.587183000,23066015,0.282406,282.405509,2,openmp_needles,3.141580078
34599022,8,0.120954880,0.838604000,0.000383000,0.838987000,34599022,0.286049,286.048996,2,openmp_needles,3.141597148
51898533,8,0.175132804,1.226247000,0.000997000,1.227244000,51898533,0.296338,296.338161,2,openmp_needles,3.141582029
77847800,8,0.250772900,1.819972000,0.001001000,1.820973000,77847800,0.310431,310.431470,2,openmp_needles,3.141573935
116771700,8,0.356779375,2.599082000,0.000411000,2.599493000,116771700,0.327294,327.293863,2,openmp_needles,3.141580528
175157550,8,0.555189994,3.993766000,0.000356000,3.994122000,175157550,0.315491,315.491187,2,openmp_needles,3.141581317
262736325,8,0.815204022,5.893469000,0.000397000,5.893866000,262736325,0.322295,322.295178,2,openmp_needles,3.141582350
394104487,8,1.212509091,8.757473000,0.000000000,8.757473000,394104487,0.325032,325.032191,2,openmp_needles,3.141581795
591156730,8,1.804488511,12.966349000,0.000375000,12.966724000,591156730,0.327603,327.603488,2,openmp_needles,3.141582827
886735095,8,2.704901188,19.670549000,0.001382000,19.671931000,886735095,0.327825,327.825319,2,openmp_needles,3.141582872
1330102642,8,4.063214215,29.047352000,0.000350000,29.047702000,1330102642,0.327352,327.352330,2,openmp_needles,3.141583212
400000,8,0.001501123,0.007989000,0.000658000,0.008647000,400000,0.266467,266.467172,2,openmp_needles,3.141492837
600000,8,0.002013403,0.008314000,0.000736000,0.009050000,600000,0.298003,298.002933,2,openmp_needles,3.141509286
900000,8,0.009795888,0.050838000,0.000196000,0.051034000,900000,0.091875,91.875285,2,openmp_needles,3.141624429
1350000,8,0.007236822,0.045641000,0.000182000,0.045823000,1350000,0.186546,186.545973,2,openmp_needles,3.141646362
2025000,8,0.006681361,0.047615000,0.000000000,0.047615000,2025000,0.303082,303.081962,2,openmp_needles,3.141580564
3037500,8,0.020553228,0.111999000,0.001086000,0.113085000,3037500,0.147787,147.787005,2,openmp_needles,3.141580564
4556250,8,0.016604137,0.121680000,0.000000000,0.121680000,4556250,0.274405,274.404505,2,openmp_needles,3.141673711
6834375,8,0.032151534,0.211815000,0.000130000,0.211945000,6834375,0.212568,212.567618,2,openmp_needles,3.141602948
10251562,8,0.039441375,0.284783000,0.000173000,0.284956000,10251562,0.259919,259.918981,2,openmp_needles,3.141551770
15377343,8,0.061961920,0.439969000,0.000116000,0.440085000,15377343,0.248174,248.174088,2,openmp_needles,3.141576159
23066015,8,0.082601119,0.604303000,0.000000000,0.604303000,23066015,0.279246,279.245793,2,openmp_needles,3.141580506
34599022,8,0.123317885,0.857897000,0.001994000,0.859891000,34599022,0.280568,280.567754,2,openmp_needles,3.141597148
51898533,8,0.163603612,1.199136000,0.000338000,1.199474000,51898533,0.317221,317.221193,2,openmp_needles,3.141582790
77847800,8,0.258708253,1.897914000,0.000338000,1.898252000,77847800,0.300910,300.909612,2,openmp_needles,3.141573809
116771700,8,0.391267366,2.815794000,0.000217000,2.816011000,116771700,0.298445,298.444772,2,openmp_needles,3.141580528
175157550,8,0.563936807,4.060149000,0.000437000,4.060586000,175157550,0.310598,310.597833,2,openmp_needles,3.141581937
262736325,8,0.829824924,5.988692000,0.000406000,5.989098000,262736325,0.316617,316.616575,2,openmp_needles,3.141582726
394104487,8,1.178974534,8.470109000,0.002000000,8.472109000,394104487,0.334277,334.277353,2,openmp_needles,3.141581620
591156730,8,1.818717366,13.032773000,0.000409000,13.033182000,591156730,0.325040,325.040460,2,openmp_needles,3.141582794
886735095,8,2.749232084,19.966361000,0.000000000,19.966361000,886735095,0.322539,322.539192,2,openmp_needles,3.141582727
1330102642,8,4.071046537,29.215051000,0.004999000,29.220050000,1330102642,0.326723,326.722534,2,openmp_needles,3.141583316
400000,12,0.007468316,0.073553000,0.000373000,0.073926000,400000,0.053560,53.559598,2,openmp_needles,3.141986364
600000,12,0.017950700,0.106954000,0.000376000,0.107330000,600000,0.033425,33.424880,2,openmp_needles,3.141838290
900000,12,0.011067962,0.103148000,0.000202000,0.103350000,900000,0.081316,81.315783,2,openmp_needles,3.141098128
1350000,12,0.020561253,0.115756000,0.001792000,0.117548000,1350000,0.065657,65.657477,2,openmp_needles,3.141295470
2025000,12,0.019194090,0.116459000,0.001923000,0.118382000,2025000,0.105501,105.501225,2,openmp_needles,3.141536700
3037500,12,0.020366136,0.195365000,0.000312000,0.195677000,3037500,0.149145,149.144639,2,openmp_needles,3.141538325
4556250,12,0.027597008,0.211466000,0.000225000,0.211691000,4556250,0.165099,165.099419,2,openmp_needles,3.141595727
6834375,12,0.038477237,0.275251000,0.000000000,0.275251000,6834375,0.177621,177.621252,2,openmp_needles,3.141597171
10251562,12,0.043508887,0.358214000,0.004951000,0.363165000,10251562,0.235620,235.619955,2,openmp_needles,3.141620124
15377343,12,0.058023067,0.480825000,0.000126000,0.480951000,15377343,0.265021,265.021203,2,openmp_needles,3.141568457
23066015,12,0.085418256,0.720837000,0.000000000,0.720837000,23066015,0.270036,270.036127,2,openmp_needles,3.141576655
34599022,12,0.119797614,0.973041000,0.001223000,0.974264000,34599022,0.288812,288.812280,2,openmp_needles,3.141593725
51898533,12,0.175153762,1.457286000,0.002973000,1.460259000,51898533,0.296303,296.302702,2,openmp_needles,3.141584882
77847800,12,0.250477700,2.197985000,0.000402000,2.198387000,77847800,0.310797,310.797328,2,openmp_needles,3.141578753
116771700,12,0.336494327,3.316485000,0.000394000,3.316879000,116771700,0.347024,347.024275,2,openmp_needles,3.141577485
175157550,12,0.500148769,4.923910000,0.000999000,4.924909000,175157550,0.350211,350.210899,2,openmp_needles,3.141582669
262736325,12,0.729945540,7.295863000,0.002453000,7.298316000,262736325,0.359940,359.939626,2,openmp_needles,3.141580246
394104487,12,1.065035793,11.133586000,0.000000000,11.133586000,394104487,0.370039,370.038725,2,openmp_needles,3.141581094
591156730,12,1.657647400,16.376215000,0.002998000,16.379213000,591156730,0.356624,356.623930,2,openmp_needles,3.141582310
886735095,12,2.402175712,24.654021000,0.002349000,24.656370000,886735095,0.369138,369.138315,2,openmp_needles,3.141582916
1330102642,12,3.514849663,37.292561000,0.005446000,37.298007000,1330102642,0.378424,378.423765,2,openmp_needles,3.141582774
400000,12,0.007351547,0.071946000,0.000279000,0.072225000,400000,0.054410,54.410317,2,openmp_needles,3.142060406
600000,12,0.019233503,0.114551000,0.000976000,0.115527000,600000,0.031196,31.195565,2,openmp_needles,3.141838290
900000,12,0.013772380,0.070079000,0.000920000,0.070999000,900000,0.065348,65.348182,2,openmp_needles,3.141098128
1350000,12,0.017676926,0.139116000,0.000931000,0.140047000,1350000,0.076371,76.370745,2,openmp_needles,3.141273542
2025000,12,0.022895196,0.169337000,0.000192000,0.169529000,2025000,0.088447,88.446502,2,openmp_needles,3.141541574
3037500,12,0.021614505,0.169170000,0.000188000,0.169358000,3037500,0.140531,140.530630,2,openmp_needles,3.141551321
4556250,12,0.033080242,0.239201000,0.000967000,0.240168000,4556250,0.137733,137.733273,2,openmp_needles,3.141593561
6834375,12,0.035237745,0.275498000,0.000250000,0.275748000,6834375,0.193950,193.950407,2,openmp_needles,3.141597171
10251562,12,0.048768452,0.343985000,0.000147000,0.344132000,10251562,0.210209,210.208887,2,openmp_needles,3.141623012
15377343,12,0.064335715,0.513228000,0.001270000,0.514498000,15377343,0.239017,239.017208,2,openmp_needles,3.141569099
23066015,12,0.083524895,0.695947000,0.000000000,0.695947000,23066015,0.276157,276.157366,2,openmp_needles,3.141576227
34599022,12,0.122689479,1.010524000,0.000993000,1.011517000,34599022,0.282005,282.004800,2,openmp_needles,3.141592013
51898533,12,0.168508193,1.490439000,0.000000000,1.490439000,51898533,0.307988,307.988188,2,openmp_needles,3.141585642
77847800,12,0.253086933,2.201135000,0.000345000,2.201480000,77847800,0.307593,307.593123,2,openmp_needles,3.141579387
116771700,12,0.366258065,3.284131000,0.003977000,3.288108000,116771700,0.318824,318.823560,2,openmp_needles,3.141577908
175157550,12,0.528200572,4.895742000,0.000394000,4.896136000,175157550,0.331612,331.611814,2,openmp_needles,3.141582838
262736325,12,0.748026763,7.335154000,0.000429000,7.335583000,262736325,0.351239,351.239204,2,openmp_needles,3.141580321
394104487,12,1.101042508,11.040077000,0.001383000,11.041460000,394104487,0.357938,357.937577,2,openmp_needles,3.141581394
591156730,12,1.626048957,16.539338000,0.000000000,16.539338000,591156730,0.363554,363.554078,2,openmp_needles,3.141582043
886735095,12,2.395032066,25.014168000,0.000998000,25.015166000,886735095,0.370239,370.239342,2,openmp_needles,3.141582905
1330102642,12,3.568104489,37.264531000,0.005411000,37.269942000,1330102642,0.372776,372.775698,2,openmp_needles,3.141582745
400000,12,0.005889467,0.054883000,0.001759000,0.056642000,400000,0.067918,67.917861,2,openmp_needles,3.142035725
600000,12,0.010628076,0.090232000,0.000377000,0.090609000,600000,0.056454,56.454244,2,openmp_needles,3.141937004
900000,12,0.011938443,0.098743000,0.001158000,0.099901000,900000,0.075387,75.386715,2,openmp_needles,3.141032353
1350000,12,0.013150844,0.081211000,0.001143000,0.082354000,1350000,0.102655,102.655008,2,openmp_needles,3.141332018
2025000,12,0.020426418,0.182686000,0.000058000,0.182744000,2025000,0.099136,99.136324,2,openmp_needles,3.141551321
3037500,12,0.027558484,0.160184000,0.000219000,0.160403000,3037500,0.110220,110.220141,2,openmp_needles,3.141535076
4556250,12,0.026222430,0.193976000,0.000135000,0.194111000,4556250,0.173754,173.753920,2,openmp_needles,3.141574066
6834375,12,0.034060509,0.266523000,0.002893000,0.269416000,6834375,0.200654,200.653930,2,openmp_needles,3.141605836
10251562,12,0.041033576,0.315413000,0.000946000,0.316359000,10251562,0.249834,249.833502,2,openmp_needles,3.141625901
15377343,12,0.059926961,0.474789000,0.000000000,0.474789000,15377343,0.256601,256.601415,2,openmp_needles,3.141565890
23066015,12,0.080418241,0.673775000,0.000336000,0.674111000,23066015,0.286826,286.825659,2,openmp_needles,3.141574087
34599022,12,0.124067057,1.012142000,0.004959000,1.017101000,34599022,0.278874,278.873561,2,openmp_needles,3.141591157
51898533,12,0.166894925,1.484816000,0.000377000,1.485193000,51898533,0.310965,310.965315,2,openmp_needles,3.141584882
77847800,12,0.247891429,2.211973000,0.000993000,2.212966000,77847800,0.314040,314.039902,2,openmp_needles,3.141581035
116771700,12,0.373971919,3.251626000,0.000000000,3.251626000,116771700,0.312247,312.247241,2,openmp_needles,3.141577063
175157550,12,0.539229796,4.897160000,0.002996000,4.900156000,175157550,0.324829,324.829138,2,openmp_needles,3.141582162
262736325,12,0.759234024,7.252121000,0.000419000,7.252540000,262736325,0.346054,346.054466,2,openmp_needles,3.141580434
394104487,12,1.134093623,10.874126000,0.002397000,10.876523000,394104487,0.347506,347.506131,2,openmp_needles,3.141581519
591156730,12,1.562344862,16.587230000,0.002997000,16.590227000,591156730,0.378378,378.377876,2,openmp_needles,3.141582126
886735095,12,2.363216727,24.798259000,0.006315000,24.804574000,886735095,0.375224,375.223772,2,openmp_needles,3.141582872
1330102642,12,3.492260683,37.284338000,0.005993000,37.290331000,1330102642,0.380872,380.871522,2,openmp_needles,3.141582834
400000,12,0.007174325,0.070109000,0.000336000,0.070445000,400000,0.055754,55.754374,2,openmp_needles,3.141690229
600000,12,0.012592327,0.092494000,0.000409000,0.092903000,600000,0.047648,47.648064,2,openmp_needles,3.141788935
900000,12,0.010673682,0.094763000,0.000964000,0.095727000,900000,0.084320,84.319544,2,openmp_needles,3.141131017
1350000,12,0.019060178,0.119868000,0.001181000,0.121049000,1350000,0.070828,70.828300,2,openmp_needles,3.141383186
2025000,12,0.013302668,0.131521000,0.001928000,0.133449000,2025000,0.152225,152.225103,2,openmp_needles,3.141600060
3037500,12,0.019556418,0.131277000,0.000190000,0.131467000,3037500,0.155320,155.319855,2,openmp_needles,3.141548072
4556250,12,0.029254491,0.202753000,0.000323000,0.203076000,4556250,0.155745,155.745318,2,openmp_needles,3.141602226
6834375,12,0.036140384,0.276913000,0.001239000,0.278152000,6834375,0.189106,189.106319,2,openmp_needles,3.141613057
10251562,12,0.042690910,0.345223000,0.000285000,0.345508000,10251562,0.240135,240.134539,2,openmp_needles,3.141610497
15377343,12,0.059005763,0.491544000,0.000976000,0.492520000,15377343,0.260607,260.607477,2,openmp_needles,3.141554979
23066015,12,0.074539563,0.682460000,0.001329000,0.683789000,23066015,0.309447,309.446609,2,openmp_needles,3.141578366
34599022,12,0.108406657,0.972727000,0.001239000,0.973966000,34599022,0.319160,319.159570,2,openmp_needles,3.141593439
51898533,12,0.175074849,1.449693000,0.001975000,1.451668000,51898533,0.296436,296.436257,2,openmp_needles,3.141582790
77847800,12,0.253842124,2.220508000,0.001371000,2.221879000,77847800,0.306678,306.678020,2,openmp_needles,3.141581162
116771700,12,0.369634170,3.215493000,0.001395000,3.216888000,116771700,0.315912,315.911540,2,openmp_needles,3.141576894
175157550,12,0.541157944,4.831902000,0.001395000,4.833297000,175157550,0.323672,323.671771,2,openmp_needles,3.141583233
262736325,12,0.764591742,7.267135000,0.000425000,7.267560000,262736325,0.343630,343.629561,2,openmp_needles,3.141581148
394104487,12,1.094207758,10.890668000,0.000444000,10.891112000,394104487,0.360173,360.173362,2,openmp_needles,3.141581369
591156730,12,1.552511061,16.486032000,0.002382000,16.488414000,591156730,0.380775,380.774569,2,openmp_needles,3.141582093
886735095,12,2.315291574,24.859385000,0.009381000,24.868766000,886735095,0.382991,382.990680,2,openmp_needles,3.141582972
1330102642,12,3.468974913,37.197277000,0.003380000,37.200657000,1330102642,0.383428,383.428153,2,openmp_needles,3.141582841
400000,12,0.007741587,0.076168000,0.000959000,0.077127000,400000,0.051669,51.668992,2,openmp_needles,3.141838290
600000,12,0.007393294,0.063424000,0.000000000,0.063424000,600000,0.081155,81.154625,2,openmp_needles,3.141788935
900000,12,0.016529255,0.130020000,0.000244000,0.130264000,900000,0.054449,54.448915,2,openmp_needles,3.141054277
1350000,12,0.009762183,0.101404000,0.000350000,0.101754000,1350000,0.138289,138.288741,2,openmp_needles,3.141397806
2025000,12,0.019980001,0.112796000,0.000195000,0.112991000,2025000,0.101351,101.351346,2,openmp_needles,3.141570816
3037500,12,0.029586823,0.241985000,0.000213000,0.242198000,3037500,0.102664,102.663946,2,openmp_needles,3.141541574
4556250,12,0.021863521,0.208975000,0.000361000,0.209336000,4556250,0.208395,208.395070,2,openmp_needles,3.141604392
6834375,12,0.038647462,0.265476000,0.000146000,0.265622000,6834375,0.176839,176.838909,2,openmp_needles,3.141613057
10251562,12,0.045614407,0.354179000,0.000259000,0.354438000,10251562,0.224744,224.743950,2,openmp_needles,3.141612422
15377343,12,0.063638212,0.503045000,0.000329000,0.503374000,15377343,0.241637,241.636943,2,openmp_needles,3.141562039
23066015,12,0.077490540,0.684095000,0.000000000,0.684095000,23066015,0.297662,297.662334,2,openmp_needles,3.141576655
34599022,12,0.117559536,1.040009000,0.000225000,1.040234000,34599022,0.294311,294.310638,2,openmp_needles,3.141595721
51898533,12,0.202846405,1.444520000,0.001388000,1.445908000,51898533,0.255851,255.851382,2,openmp_needles,3.141580318
77847800,12,0.236564120,2.164253000,0.002329000,2.166582000,77847800,0.329077,329.076954,2,openmp_needles,3.141580401
116771700,12,0.340664935,3.297192000,0.000995000,3.298187000,116771700,0.342776,342.775813,2,openmp_needles,3.141577232
175157550,12,0.479892683,4.941290000,0.007965000,4.949255000,175157550,0.364993,364.993167,2,openmp_needles,3.141583176
262736325,12,0.740113572,7.339903000,0.002998000,7.342901000,262736325,0.354995,354.994605,2,openmp_needles,3.141581223
394104487,12,1.094186890,10.951757000,0.000423000,10.952180000,394104487,0.360180,360.180231,2,openmp_needles,3.141581319
591156730,12,1.602949176,16.427158000,0.000998000,16.428156000,591156730,0.368793,368.793184,2,openmp_needles,3.141582327
886735095,12,2.353112446,24.840847000,0.005993000,24.846840000,886735095,0.376835,376.834986,2,openmp_needles,3.141582994
1330102642,12,3.449707596,37.428340000,0.026922000,37.455262000,1330102642,0.385570,385.569677,2,openmp_needles,3.141582863
400000,12,0.004304045,0.039667000,0.000000000,0.039667000,400000,0.092936,92.935831,2,openmp_needles,3.141665554
600000,12,0.010646751,0.089172000,0.000433000,0.089605000,600000,0.056355,56.355220,2,openmp_needles,3.141706680
900000,12,0.008686448,0.078106000,0.000000000,0.078106000,900000,0.103610,103.609669,2,openmp_needles,3.141087165
1350000,12,0.009994329,0.059312000,0.000875000,0.060187000,1350000,0.135077,135.076602,2,openmp_needles,3.141375876
2025000,12,0.019460967,0.121633000,0.000192000,0.121825000,2025000,0.104054,104.054439,2,openmp_needles,3.141580564
3037500,12,0.027181084,0.184875000,0.001964000,0.186839000,3037500,0.111751,111.750510,2,openmp_needles,3.141535076
4556250,12,0.024755219,0.218642000,0.001976000,0.220618000,4556250,0.184052,184.052098,2,openmp_needles,3.141597893
6834375,12,0.035238704,0.274746000,0.000146000,0.274892000,6834375,0.193945,193.945129,2,openmp_needles,3.141618833
10251562,12,0.045255974,0.360408000,0.002897000,0.363305000,10251562,0.226524,226.523950,2,openmp_needles,3.141608571
15377343,12,0.058703063,0.499326000,0.000978000,0.500304000,15377343,0.261951,261.951289,2,openmp_needles,3.141563322
23066015,12,0.087149678,0.689037000,0.002295000,0.691332000,23066015,0.264671,264.671259,2,openmp_needles,3.141576227
34599022,12,0.126832960,1.042585000,0.000360000,1.042945000,34599022,0.272792,272.792041,2,openmp_needles,3.141594295
51898533,12,0.171601200,1.430193000,0.003386000,1.433579000,51898533,0.302437,302.436889,2,openmp_needles,3.141580318
77847800,12,0.249099824,2.257533000,0.000995000,2.258528000,77847800,0.312516,312.516479,2,openmp_needles,3.141580655
116771700,12,0.366214032,3.257839000,0.002995000,3.260834000,116771700,0.318862,318.861894,2,openmp_needles,3.141577654
175157550,12,0.490809007,4.908291000,0.000420000,4.908711000,175157550,0.356875,356.875174,2,openmp_needles,3.141583402
262736325,12,0.743317427,7.241582000,0.000000000,7.241582000,262736325,0.353465,353.464503,2,openmp_needles,3.141580922
394104487,12,1.072661275,11.021548000,0.001428000,11.022976000,394104487,0.367408,367.408143,2,openmp_needles,3.141581319
591156730,12,1.592842976,16.477656000,0.001997000,16.479653000,591156730,0.371133,371.133087,2,openmp_needles,3.141582243
886735095,12,2.471284332,24.731968000,0.003996000,24.735964000,886735095,0.358815,358.815489,2,openmp_needles,3.141582883
1330102642,12,3.544910943,36.885030000,0.005995000,36.891025000,1330102642,0.375215,375.214685,2,openmp_needles,3.141582819
400000,12,0.008064121,0.080474000,0.000000000,0.080474000,400000,0.049602,49.602430,2,openmp_needles,3.141665554
600000,12,0.009675340,0.081910000,0.000402000,0.082312000,600000,0.062013,62.013325,2,openmp_needles,3.141788935
900000,12,0.011905089,0.083073000,0.000000000,0.083073000,900000,0.075598,75.597923,2,openmp_needles,3.141120054
1350000,12,0.015352669,0.082688000,0.000926000,0.083614000,1350000,0.087933,87.932593,2,openmp_needles,3.141419736
2025000,12,0.017136612,0.147460000,0.000112000,0.147572000,2025000,0.118168,118.168049,2,openmp_needles,3.141565943
3037500,12,0.024193946,0.171910000,0.000227000,0.172137000,3037500,0.125548,125.547937,2,openmp_needles,3.141512332
4556250,12,0.029428805,0.208747000,0.002023000,0.210770000,4556250,0.154823,154.822800,2,openmp_needles,3.141606558
6834375,12,0.031392876,0.291273000,0.000343000,0.291616000,6834375,0.217705,217.704647,2,openmp_needles,3.141618833
10251562,12,0.045182175,0.345161000,0.000139000,0.345300000,10251562,0.226894,226.893947,2,openmp_needles,3.141616273
15377343,12,0.061999839,0.494664000,0.001205000,0.495869000,15377343,0.248022,248.022305,2,openmp_needles,3.141556904
23066015,12,0.083504987,0.723146000,0.000986000,0.724132000,23066015,0.276223,276.223203,2,openmp_needles,3.141580078
34599022,12,0.117005061,1.008331000,0.002973000,1.011304000,34599022,0.295705,295.705346,2,openmp_needles,3.141594295
51898533,12,0.168549257,1.498703000,0.000395000,1.499098000,51898533,0.307913,307.913152,2,openmp_needles,3.141583741
77847800,12,0.251079306,2.210283000,0.000358000,2.210641000,77847800,0.310053,310.052633,2,openmp_needles,3.141580021
116771700,12,0.360644926,3.247387000,0.000000000,3.247387000,116771700,0.323786,323.785784,2,openmp_needles,3.141578077
175157550,12,0.536593338,4.869230000,0.000428000,4.869658000,175157550,0.326425,326.425130,2,openmp_needles,3.141582895
262736325,12,0.701339606,7.241194000,0.000000000,7.241194000,262736325,0.374621,374.620687,2,openmp_needles,3.141580810
394104487,12,1.093725869,11.012745000,0.000998000,11.013743000,394104487,0.360332,360.332052,2,openmp_needles,3.141581469
591156730,12,1.608068224,16.464767000,0.002995000,16.467762000,591156730,0.367619,367.619185,2,openmp_needles,3.141582327
886735095,12,2.346644463,24.776121000,0.011425000,24.787546000,886735095,0.377874,377.873644,2,openmp_needles,3.141582939
1330102642,12,3.482312373,37.485006000,0.001998000,37.487004000,1330102642,0.381960,381.959600,2,openmp_needles,3.141582767
400000,12,0.005018494,0.047878000,0.000000000,0.047878000,400000,0.079705,79.705186,2,openmp_needles,3.141566856
600000,12,0.024298652,0.140706000,0.000935000,0.141641000,600000,0.024693,24.692728,2,openmp_needles,3.141953457
900000,12,0.008792075,0.083928000,0.000286000,0.084214000,900000,0.102365,102.364914,2,openmp_needles,3.141054277
1350000,12,0.015882161,0.085765000,0.001162000,0.086927000,1350000,0.085001,85.001027,2,openmp_needles,3.141375876
2025000,12,0.011265430,0.088713000,0.004353000,0.093066000,2025000,0.179753,179.753458,2,openmp_needles,3.141634177
3037500,12,0.022893368,0.169082000,0.000163000,0.169245000,3037500,0.132680,132.680347,2,openmp_needles,3.141561069
4556250,12,0.024164890,0.179245000,0.001117000,0.180362000,4556250,0.188548,188.548344,2,openmp_needles,3.141597893
6834375,12,0.037934032,0.263668000,0.000971000,0.264639000,6834375,0.180165,180.164740,2,openmp_needles,3.141624610
10251562,12,0.044543897,0.361686000,0.001963000,0.363649000,10251562,0.230145,230.145153,2,openmp_needles,3.141611459
15377343,12,0.061037554,0.471858000,0.000962000,0.472820000,15377343,0.251932,251.932491,2,openmp_needles,3.141556262
23066015,12,0.086693880,0.696204000,0.000338000,0.696542000,23066015,0.266063,266.062783,2,openmp_needles,3.141576227
34599022,12,0.121886034,0.999524000,0.000323000,0.999847000,34599022,0.283864,283.863712,2,openmp_needles,3.141592584
51898533,12,0.164739383,1.469724000,0.000408000,1.470132000,51898533,0.315034,315.034159,2,openmp_needles,3.141582790
77847800,12,0.245727561,2.204756000,0.000336000,2.205092000,77847800,0.316805,316.805326,2,openmp_needles,3.141579007
116771700,12,0.355591679,3.257951000,0.001367000,3.259318000,116771700,0.328387,328.387043,2,openmp_needles,3.141577316
175157550,12,0.526503948,4.867869000,0.009970000,4.877839000,175157550,0.332680,332.680411,2,openmp_needles,3.141583345
262736325,12,0.736453046,7.315323000,0.005968000,7.321291000,262736325,0.356759,356.759099,2,openmp_needles,3.141580359
394104487,12,1.156356210,11.026370000,0.004987000,11.031357000,394104487,0.340816,340.815817,2,openmp_needles,3.141581545
591156730,12,1.662503937,16.419263000,0.002381000,16.421644000,591156730,0.355582,355.582153,2,openmp_needles,3.141582126
886735095,12,2.365446606,24.856495000,0.003994000,24.860489000,886735095,0.374870,374.870053,2,openmp_needles,3.141582939
1330102642,12,3.552737007,37.265522000,0.004422000,37.269944000,1330102642,0.374388,374.388152,2,openmp_needles,3.141582670
400000,12,0.007358618,0.072668000,0.000365000,0.073033000,400000,0.054358,54.358033,2,openmp_needles,3.141690229
600000,12,0.016476053,0.097740000,0.000277000,0.098017000,600000,0.036416,36.416489,2,openmp_needles,3.141953457
900000,12,0.018195445,0.112795000,0.001381000,0.114176000,900000,0.049463,49.462929,2,openmp_needles,3.141141980
1350000,12,0.013020728,0.119518000,0.000968000,0.120486000,1350000,0.103681,103.680839,2,openmp_needles,3.141332018
2025000,12,0.017213044,0.101666000,0.000158000,0.101824000,2025000,0.117643,117.643341,2,openmp_needles,3.141653673
3037500,12,0.023227644,0.159541000,0.000965000,0.160506000,3037500,0.130771,130.770904,2,openmp_needles,3.141554570
4556250,12,0.029877935,0.184897000,0.000173000,0.185070000,4556250,0.152495,152.495479,2,openmp_needles,3.141580564
6834375,12,0.037378390,0.269149000,0.000942000,0.270091000,6834375,0.182843,182.842947,2,openmp_needles,3.141623166
10251562,12,0.044480568,0.375833000,0.000319000,0.376152000,10251562,0.230473,230.472821,2,openmp_needles,3.141612422
15377343,12,0.056284536,0.461675000,0.001142000,0.462817000,15377343,0.273207,273.207245,2,openmp_needles,3.141555621
23066015,12,0.081261839,0.709900000,0.000000000,0.709900000,23066015,0.283848,283.848056,2,openmp_needles,3.141576227
34599022,12,0.117837454,1.006154000,0.001981000,1.008135000,34599022,0.293617,293.616510,2,openmp_needles,3.141592013
51898533,12,0.170126364,1.493403000,0.003967000,1.497370000,51898533,0.305059,305.058733,2,openmp_needles,3.141583741
77847800,12,0.247245760,2.213235000,0.001353000,2.214588000,77847800,0.314860,314.860000,2,openmp_needles,3.141579387
116771700,12,0.364517585,3.240870000,0.000995000,3.241865000,116771700,0.320346,320.345862,2,openmp_needles,3.141578161
175157550,12,0.510465271,4.967147000,0.001405000,4.968552000,175157550,0.343133,343.133137,2,openmp_needles,3.141583289
262736325,12,0.777961896,7.317187000,0.001366000,7.318553000,262736325,0.337724,337.723899,2,openmp_needles,3.141580584
394104487,12,1.046455027,10.962819000,0.000459000,10.963278000,394104487,0.376609,376.609101,2,openmp_needles,3.141581519
591156730,12,1.602910730,16.540444000,0.012981000,16.553425000,591156730,0.368802,368.802029,2,openmp_needles,3.141582260
886735095,12,2.524708931,24.679331000,0.000998000,24.680329000,886735095,0.351223,351.222703,2,openmp_needles,3.141582939
1330102642,12,3.587382657,37.138724000,0.007986000,37.146710000,1330102642,0.370772,370.772446,2,openmp_needles,3.141582841
400000,12,0.007457484,0.078853000,0.000000000,0.078853000,400000,0.053637,53.637393,2,openmp_needles,3.142603490
600000,12,0.017017637,0.095714000,0.000318000,0.096032000,600000,0.035258,35.257539,2,openmp_needles,3.141788935
900000,12,0.010479597,0.098615000,0.000194000,0.098809000,900000,0.085881,85.881165,2,openmp_needles,3.141098128
1350000,12,0.025817506,0.176595000,0.000216000,0.176811000,1350000,0.052290,52.290101,2,openmp_needles,3.141434356
2025000,12,0.016234420,0.102607000,0.002895000,0.105502000,2025000,0.124735,124.734977,2,openmp_needles,3.141385623
3037500,12,0.017763004,0.167823000,0.000383000,0.168206000,3037500,0.171001,171.001482,2,openmp_needles,3.141632553
4556250,12,0.024398156,0.198377000,0.000224000,0.198601000,4556250,0.186746,186.745670,2,openmp_needles,3.141632553
6834375,12,0.050593562,0.324408000,0.001983000,0.326391000,6834375,0.135084,135.083887,2,openmp_needles,3.141644828
10251562,12,0.048752642,0.374296000,0.000992000,0.375288000,10251562,0.210277,210.277055,2,openmp_needles,3.141605683
15377343,12,0.066202709,0.501806000,0.000117000,0.501923000,15377343,0.232277,232.276643,2,openmp_needles,3.141550486
23066015,12,0.086637119,0.700948000,0.000303000,0.701251000,23066015,0.266237,266.237096,2,openmp_needles,3.141567669
34599022,12,0.112135037,0.960891000,0.000000000,0.960891000,34599022,0.308548,308.547827,2,openmp_needles,3.141589731
51898533,12,0.163664401,1.446341000,0.000994000,1.447335000,51898533,0.317103,317.103369,2,openmp_needles,3.141570049
77847800,12,0.247308102,2.207248000,0.001992000,2.209240000,77847800,0.314781,314.780629,2,openmp_needles,3.141582683
116771700,12,0.376008727,3.272970000,0.000999000,3.273969000,116771700,0.310556,310.555824,2,openmp_needles,3.141579091
175157550,12,0.501723559,4.877117000,0.000996000,4.878113000,175157550,0.349112,349.111671,2,openmp_needles,3.141582162
262736325,12,0.737003771,7.270981000,0.000000000,7.270981000,262736325,0.356493,356.492511,2,openmp_needles,3.141579570
394104487,12,1.094617307,11.045298000,0.000998000,11.046296000,394104487,0.360039,360.038604,2,openmp_needles,3.141581019
591156730,12,1.594605948,16.526310000,0.004998000,16.531308000,591156730,0.370723,370.722767,2,openmp_needles,3.141582210
886735095,12,2.347614315,25.011416000,0.003419000,25.014835000,886735095,0.377718,377.717536,2,openmp_needles,3.141582939
1330102642,12,3.425893710,37.336835000,0.004332000,37.341167000,1330102642,0.388250,388.249828,2,openmp_needles,3.141582797
